ID,support_needs
TEST_00000,2
TEST_00001,1
TEST_00002,2
TEST_00003,2
TEST_00004,0
TEST_00005,0
TEST_00006,0
TEST_00007,1
TEST_00008,2
TEST_00009,1
TEST_00010,0
TEST_00011,2
TEST_00012,2
TEST_00013,2
TEST_00014,1
TEST_00015,0
TEST_00016,2
TEST_00017,0
TEST_00018,0
TEST_00019,2
TEST_00020,0
TEST_00021,2
TEST_00022,0
TEST_00023,2
TEST_00024,0
TEST_00025,2
TEST_00026,2
TEST_00027,0
TEST_00028,0
TEST_00029,2
TEST_00030,1
TEST_00031,0
TEST_00032,1
TEST_00033,0
TEST_00034,0
TEST_00035,2
TEST_00036,2
TEST_00037,1
TEST_00038,1
TEST_00039,2
TEST_00040,0
TEST_00041,2
TEST_00042,2
TEST_00043,1
TEST_00044,0
TEST_00045,0
TEST_00046,2
TEST_00047,1
TEST_00048,2
TEST_00049,2
TEST_00050,0
TEST_00051,2
TEST_00052,2
TEST_00053,0
TEST_00054,0
TEST_00055,2
TEST_00056,2
TEST_00057,2
TEST_00058,0
TEST_00059,2
TEST_00060,2
TEST_00061,0
TEST_00062,0
TEST_00063,0
TEST_00064,0
TEST_00065,1
TEST_00066,2
TEST_00067,1
TEST_00068,1
TEST_00069,2
TEST_00070,0
TEST_00071,0
TEST_00072,2
TEST_00073,2
TEST_00074,0
TEST_00075,0
TEST_00076,2
TEST_00077,1
TEST_00078,2
TEST_00079,0
TEST_00080,2
TEST_00081,0
TEST_00082,2
TEST_00083,2
TEST_00084,2
TEST_00085,1
TEST_00086,0
TEST_00087,2
TEST_00088,0
TEST_00089,1
TEST_00090,2
TEST_00091,2
TEST_00092,1
TEST_00093,1
TEST_00094,2
TEST_00095,1
TEST_00096,0
TEST_00097,2
TEST_00098,2
TEST_00099,2
TEST_00100,0
TEST_00101,0
TEST_00102,2
TEST_00103,1
TEST_00104,0
TEST_00105,0
TEST_00106,1
TEST_00107,2
TEST_00108,1
TEST_00109,0
TEST_00110,2
TEST_00111,1
TEST_00112,0
TEST_00113,1
TEST_00114,2
TEST_00115,1
TEST_00116,2
TEST_00117,2
TEST_00118,2
TEST_00119,2
TEST_00120,2
TEST_00121,0
TEST_00122,0
TEST_00123,2
TEST_00124,1
TEST_00125,2
TEST_00126,1
TEST_00127,0
TEST_00128,1
TEST_00129,2
TEST_00130,2
TEST_00131,0
TEST_00132,2
TEST_00133,1
TEST_00134,1
TEST_00135,2
TEST_00136,0
TEST_00137,2
TEST_00138,2
TEST_00139,2
TEST_00140,0
TEST_00141,1
TEST_00142,1
TEST_00143,0
TEST_00144,0
TEST_00145,0
TEST_00146,0
TEST_00147,1
TEST_00148,0
TEST_00149,2
TEST_00150,2
TEST_00151,2
TEST_00152,0
TEST_00153,0
TEST_00154,2
TEST_00155,0
TEST_00156,1
TEST_00157,2
TEST_00158,2
TEST_00159,1
TEST_00160,2
TEST_00161,2
TEST_00162,2
TEST_00163,1
TEST_00164,1
TEST_00165,1
TEST_00166,2
TEST_00167,0
TEST_00168,2
TEST_00169,0
TEST_00170,2
TEST_00171,0
TEST_00172,2
TEST_00173,0
TEST_00174,1
TEST_00175,0
TEST_00176,0
TEST_00177,1
TEST_00178,2
TEST_00179,0
TEST_00180,2
TEST_00181,2
TEST_00182,0
TEST_00183,0
TEST_00184,1
TEST_00185,2
TEST_00186,2
TEST_00187,2
TEST_00188,2
TEST_00189,1
TEST_00190,2
TEST_00191,2
TEST_00192,0
TEST_00193,1
TEST_00194,1
TEST_00195,2
TEST_00196,0
TEST_00197,2
TEST_00198,2
TEST_00199,0
TEST_00200,2
TEST_00201,2
TEST_00202,2
TEST_00203,0
TEST_00204,0
TEST_00205,0
TEST_00206,2
TEST_00207,2
TEST_00208,2
TEST_00209,2
TEST_00210,1
TEST_00211,2
TEST_00212,2
TEST_00213,2
TEST_00214,2
TEST_00215,0
TEST_00216,1
TEST_00217,2
TEST_00218,2
TEST_00219,2
TEST_00220,2
TEST_00221,0
TEST_00222,0
TEST_00223,1
TEST_00224,1
TEST_00225,0
TEST_00226,2
TEST_00227,2
TEST_00228,2
TEST_00229,0
TEST_00230,1
TEST_00231,2
TEST_00232,2
TEST_00233,2
TEST_00234,0
TEST_00235,1
TEST_00236,0
TEST_00237,2
TEST_00238,2
TEST_00239,0
TEST_00240,0
TEST_00241,1
TEST_00242,1
TEST_00243,0
TEST_00244,0
TEST_00245,0
TEST_00246,2
TEST_00247,2
TEST_00248,0
TEST_00249,2
TEST_00250,0
TEST_00251,2
TEST_00252,2
TEST_00253,1
TEST_00254,1
TEST_00255,2
TEST_00256,1
TEST_00257,0
TEST_00258,1
TEST_00259,0
TEST_00260,1
TEST_00261,0
TEST_00262,0
TEST_00263,1
TEST_00264,2
TEST_00265,1
TEST_00266,0
TEST_00267,1
TEST_00268,2
TEST_00269,0
TEST_00270,2
TEST_00271,2
TEST_00272,2
TEST_00273,2
TEST_00274,2
TEST_00275,0
TEST_00276,0
TEST_00277,0
TEST_00278,2
TEST_00279,0
TEST_00280,1
TEST_00281,1
TEST_00282,2
TEST_00283,0
TEST_00284,2
TEST_00285,2
TEST_00286,2
TEST_00287,0
TEST_00288,0
TEST_00289,1
TEST_00290,1
TEST_00291,0
TEST_00292,0
TEST_00293,0
TEST_00294,2
TEST_00295,0
TEST_00296,2
TEST_00297,2
TEST_00298,2
TEST_00299,0
TEST_00300,1
TEST_00301,1
TEST_00302,2
TEST_00303,1
TEST_00304,2
TEST_00305,2
TEST_00306,2
TEST_00307,2
TEST_00308,1
TEST_00309,2
TEST_00310,0
TEST_00311,2
TEST_00312,1
TEST_00313,0
TEST_00314,2
TEST_00315,0
TEST_00316,0
TEST_00317,0
TEST_00318,2
TEST_00319,2
TEST_00320,1
TEST_00321,1
TEST_00322,0
TEST_00323,0
TEST_00324,2
TEST_00325,0
TEST_00326,2
TEST_00327,0
TEST_00328,0
TEST_00329,0
TEST_00330,0
TEST_00331,1
TEST_00332,2
TEST_00333,1
TEST_00334,2
TEST_00335,2
TEST_00336,2
TEST_00337,1
TEST_00338,2
TEST_00339,2
TEST_00340,2
TEST_00341,2
TEST_00342,2
TEST_00343,0
TEST_00344,2
TEST_00345,0
TEST_00346,2
TEST_00347,0
TEST_00348,1
TEST_00349,0
TEST_00350,2
TEST_00351,0
TEST_00352,2
TEST_00353,1
TEST_00354,1
TEST_00355,2
TEST_00356,2
TEST_00357,2
TEST_00358,0
TEST_00359,2
TEST_00360,2
TEST_00361,0
TEST_00362,0
TEST_00363,0
TEST_00364,2
TEST_00365,1
TEST_00366,2
TEST_00367,2
TEST_00368,0
TEST_00369,0
TEST_00370,2
TEST_00371,2
TEST_00372,0
TEST_00373,0
TEST_00374,1
TEST_00375,2
TEST_00376,1
TEST_00377,2
TEST_00378,2
TEST_00379,1
TEST_00380,2
TEST_00381,2
TEST_00382,1
TEST_00383,0
TEST_00384,0
TEST_00385,1
TEST_00386,2
TEST_00387,2
TEST_00388,0
TEST_00389,1
TEST_00390,0
TEST_00391,2
TEST_00392,2
TEST_00393,2
TEST_00394,0
TEST_00395,0
TEST_00396,2
TEST_00397,2
TEST_00398,1
TEST_00399,0
TEST_00400,1
TEST_00401,1
TEST_00402,1
TEST_00403,2
TEST_00404,2
TEST_00405,2
TEST_00406,2
TEST_00407,1
TEST_00408,0
TEST_00409,1
TEST_00410,2
TEST_00411,0
TEST_00412,2
TEST_00413,1
TEST_00414,2
TEST_00415,1
TEST_00416,2
TEST_00417,2
TEST_00418,0
TEST_00419,2
TEST_00420,1
TEST_00421,0
TEST_00422,0
TEST_00423,1
TEST_00424,1
TEST_00425,0
TEST_00426,2
TEST_00427,0
TEST_00428,1
TEST_00429,2
TEST_00430,0
TEST_00431,2
TEST_00432,0
TEST_00433,0
TEST_00434,0
TEST_00435,0
TEST_00436,0
TEST_00437,0
TEST_00438,2
TEST_00439,1
TEST_00440,2
TEST_00441,0
TEST_00442,2
TEST_00443,1
TEST_00444,2
TEST_00445,0
TEST_00446,0
TEST_00447,1
TEST_00448,0
TEST_00449,0
TEST_00450,1
TEST_00451,0
TEST_00452,1
TEST_00453,0
TEST_00454,0
TEST_00455,2
TEST_00456,0
TEST_00457,0
TEST_00458,1
TEST_00459,1
TEST_00460,2
TEST_00461,2
TEST_00462,2
TEST_00463,0
TEST_00464,2
TEST_00465,2
TEST_00466,2
TEST_00467,2
TEST_00468,0
TEST_00469,2
TEST_00470,2
TEST_00471,0
TEST_00472,0
TEST_00473,1
TEST_00474,1
TEST_00475,0
TEST_00476,2
TEST_00477,2
TEST_00478,0
TEST_00479,2
TEST_00480,1
TEST_00481,0
TEST_00482,2
TEST_00483,0
TEST_00484,2
TEST_00485,2
TEST_00486,0
TEST_00487,0
TEST_00488,1
TEST_00489,2
TEST_00490,0
TEST_00491,2
TEST_00492,0
TEST_00493,2
TEST_00494,0
TEST_00495,2
TEST_00496,0
TEST_00497,0
TEST_00498,0
TEST_00499,0
TEST_00500,0
TEST_00501,0
TEST_00502,1
TEST_00503,1
TEST_00504,2
TEST_00505,2
TEST_00506,0
TEST_00507,0
TEST_00508,0
TEST_00509,1
TEST_00510,1
TEST_00511,1
TEST_00512,2
TEST_00513,1
TEST_00514,2
TEST_00515,2
TEST_00516,1
TEST_00517,2
TEST_00518,2
TEST_00519,2
TEST_00520,2
TEST_00521,1
TEST_00522,2
TEST_00523,2
TEST_00524,2
TEST_00525,2
TEST_00526,1
TEST_00527,2
TEST_00528,0
TEST_00529,0
TEST_00530,1
TEST_00531,0
TEST_00532,1
TEST_00533,2
TEST_00534,1
TEST_00535,2
TEST_00536,2
TEST_00537,0
TEST_00538,2
TEST_00539,2
TEST_00540,2
TEST_00541,0
TEST_00542,0
TEST_00543,2
TEST_00544,2
TEST_00545,2
TEST_00546,1
TEST_00547,2
TEST_00548,2
TEST_00549,2
TEST_00550,0
TEST_00551,1
TEST_00552,2
TEST_00553,0
TEST_00554,2
TEST_00555,2
TEST_00556,0
TEST_00557,2
TEST_00558,2
TEST_00559,2
TEST_00560,2
TEST_00561,2
TEST_00562,2
TEST_00563,1
TEST_00564,0
TEST_00565,0
TEST_00566,0
TEST_00567,2
TEST_00568,2
TEST_00569,0
TEST_00570,2
TEST_00571,1
TEST_00572,2
TEST_00573,1
TEST_00574,2
TEST_00575,0
TEST_00576,1
TEST_00577,1
TEST_00578,0
TEST_00579,1
TEST_00580,2
TEST_00581,1
TEST_00582,0
TEST_00583,2
TEST_00584,2
TEST_00585,1
TEST_00586,0
TEST_00587,0
TEST_00588,2
TEST_00589,0
TEST_00590,1
TEST_00591,0
TEST_00592,2
TEST_00593,2
TEST_00594,2
TEST_00595,1
TEST_00596,0
TEST_00597,2
TEST_00598,2
TEST_00599,2
TEST_00600,2
TEST_00601,2
TEST_00602,1
TEST_00603,1
TEST_00604,0
TEST_00605,2
TEST_00606,0
TEST_00607,2
TEST_00608,2
TEST_00609,2
TEST_00610,2
TEST_00611,0
TEST_00612,0
TEST_00613,1
TEST_00614,0
TEST_00615,0
TEST_00616,2
TEST_00617,0
TEST_00618,2
TEST_00619,2
TEST_00620,2
TEST_00621,1
TEST_00622,1
TEST_00623,1
TEST_00624,2
TEST_00625,0
TEST_00626,2
TEST_00627,2
TEST_00628,2
TEST_00629,0
TEST_00630,0
TEST_00631,2
TEST_00632,0
TEST_00633,0
TEST_00634,1
TEST_00635,2
TEST_00636,0
TEST_00637,1
TEST_00638,2
TEST_00639,0
TEST_00640,2
TEST_00641,1
TEST_00642,2
TEST_00643,0
TEST_00644,2
TEST_00645,2
TEST_00646,2
TEST_00647,2
TEST_00648,0
TEST_00649,1
TEST_00650,2
TEST_00651,2
TEST_00652,0
TEST_00653,2
TEST_00654,2
TEST_00655,2
TEST_00656,0
TEST_00657,0
TEST_00658,0
TEST_00659,1
TEST_00660,1
TEST_00661,2
TEST_00662,0
TEST_00663,2
TEST_00664,0
TEST_00665,0
TEST_00666,1
TEST_00667,0
TEST_00668,1
TEST_00669,2
TEST_00670,0
TEST_00671,2
TEST_00672,1
TEST_00673,1
TEST_00674,1
TEST_00675,1
TEST_00676,2
TEST_00677,1
TEST_00678,2
TEST_00679,0
TEST_00680,0
TEST_00681,2
TEST_00682,1
TEST_00683,2
TEST_00684,0
TEST_00685,2
TEST_00686,2
TEST_00687,0
TEST_00688,0
TEST_00689,1
TEST_00690,2
TEST_00691,1
TEST_00692,2
TEST_00693,2
TEST_00694,2
TEST_00695,0
TEST_00696,0
TEST_00697,0
TEST_00698,1
TEST_00699,0
TEST_00700,1
TEST_00701,0
TEST_00702,2
TEST_00703,0
TEST_00704,0
TEST_00705,1
TEST_00706,0
TEST_00707,1
TEST_00708,1
TEST_00709,0
TEST_00710,1
TEST_00711,2
TEST_00712,2
TEST_00713,1
TEST_00714,0
TEST_00715,2
TEST_00716,1
TEST_00717,0
TEST_00718,2
TEST_00719,2
TEST_00720,2
TEST_00721,2
TEST_00722,1
TEST_00723,0
TEST_00724,1
TEST_00725,2
TEST_00726,0
TEST_00727,2
TEST_00728,2
TEST_00729,1
TEST_00730,2
TEST_00731,1
TEST_00732,2
TEST_00733,0
TEST_00734,1
TEST_00735,2
TEST_00736,1
TEST_00737,1
TEST_00738,0
TEST_00739,0
TEST_00740,2
TEST_00741,2
TEST_00742,2
TEST_00743,0
TEST_00744,0
TEST_00745,0
TEST_00746,2
TEST_00747,2
TEST_00748,1
TEST_00749,2
TEST_00750,2
TEST_00751,2
TEST_00752,0
TEST_00753,2
TEST_00754,2
TEST_00755,1
TEST_00756,1
TEST_00757,0
TEST_00758,1
TEST_00759,1
TEST_00760,0
TEST_00761,1
TEST_00762,0
TEST_00763,0
TEST_00764,1
TEST_00765,2
TEST_00766,1
TEST_00767,0
TEST_00768,1
TEST_00769,2
TEST_00770,2
TEST_00771,0
TEST_00772,2
TEST_00773,0
TEST_00774,1
TEST_00775,2
TEST_00776,0
TEST_00777,0
TEST_00778,1
TEST_00779,0
TEST_00780,0
TEST_00781,1
TEST_00782,0
TEST_00783,2
TEST_00784,2
TEST_00785,2
TEST_00786,2
TEST_00787,2
TEST_00788,2
TEST_00789,1
TEST_00790,0
TEST_00791,2
TEST_00792,1
TEST_00793,2
TEST_00794,0
TEST_00795,2
TEST_00796,1
TEST_00797,2
TEST_00798,0
TEST_00799,1
TEST_00800,2
TEST_00801,2
TEST_00802,2
TEST_00803,2
TEST_00804,2
TEST_00805,0
TEST_00806,1
TEST_00807,0
TEST_00808,0
TEST_00809,0
TEST_00810,1
TEST_00811,1
TEST_00812,2
TEST_00813,2
TEST_00814,2
TEST_00815,2
TEST_00816,2
TEST_00817,2
TEST_00818,0
TEST_00819,2
TEST_00820,0
TEST_00821,1
TEST_00822,0
TEST_00823,2
TEST_00824,2
TEST_00825,1
TEST_00826,2
TEST_00827,2
TEST_00828,0
TEST_00829,1
TEST_00830,2
TEST_00831,1
TEST_00832,2
TEST_00833,2
TEST_00834,2
TEST_00835,1
TEST_00836,2
TEST_00837,2
TEST_00838,1
TEST_00839,0
TEST_00840,0
TEST_00841,0
TEST_00842,0
TEST_00843,2
TEST_00844,0
TEST_00845,1
TEST_00846,1
TEST_00847,2
TEST_00848,2
TEST_00849,2
TEST_00850,1
TEST_00851,1
TEST_00852,0
TEST_00853,2
TEST_00854,2
TEST_00855,0
TEST_00856,0
TEST_00857,0
TEST_00858,0
TEST_00859,2
TEST_00860,0
TEST_00861,2
TEST_00862,0
TEST_00863,1
TEST_00864,0
TEST_00865,2
TEST_00866,2
TEST_00867,2
TEST_00868,2
TEST_00869,1
TEST_00870,0
TEST_00871,2
TEST_00872,0
TEST_00873,1
TEST_00874,2
TEST_00875,2
TEST_00876,2
TEST_00877,0
TEST_00878,2
TEST_00879,2
TEST_00880,2
TEST_00881,0
TEST_00882,2
TEST_00883,1
TEST_00884,0
TEST_00885,2
TEST_00886,1
TEST_00887,1
TEST_00888,2
TEST_00889,2
TEST_00890,2
TEST_00891,1
TEST_00892,1
TEST_00893,2
TEST_00894,0
TEST_00895,0
TEST_00896,1
TEST_00897,0
TEST_00898,0
TEST_00899,2
TEST_00900,2
TEST_00901,0
TEST_00902,2
TEST_00903,0
TEST_00904,0
TEST_00905,2
TEST_00906,0
TEST_00907,0
TEST_00908,0
TEST_00909,2
TEST_00910,0
TEST_00911,2
TEST_00912,2
TEST_00913,0
TEST_00914,2
TEST_00915,1
TEST_00916,2
TEST_00917,2
TEST_00918,0
TEST_00919,0
TEST_00920,1
TEST_00921,1
TEST_00922,2
TEST_00923,0
TEST_00924,2
TEST_00925,0
TEST_00926,0
TEST_00927,2
TEST_00928,0
TEST_00929,0
TEST_00930,0
TEST_00931,2
TEST_00932,1
TEST_00933,0
TEST_00934,2
TEST_00935,1
TEST_00936,2
TEST_00937,0
TEST_00938,2
TEST_00939,0
TEST_00940,2
TEST_00941,0
TEST_00942,0
TEST_00943,0
TEST_00944,0
TEST_00945,1
TEST_00946,2
TEST_00947,2
TEST_00948,2
TEST_00949,1
TEST_00950,2
TEST_00951,2
TEST_00952,0
TEST_00953,2
TEST_00954,2
TEST_00955,2
TEST_00956,2
TEST_00957,1
TEST_00958,2
TEST_00959,1
TEST_00960,0
TEST_00961,1
TEST_00962,0
TEST_00963,0
TEST_00964,2
TEST_00965,2
TEST_00966,2
TEST_00967,2
TEST_00968,2
TEST_00969,0
TEST_00970,2
TEST_00971,0
TEST_00972,0
TEST_00973,2
TEST_00974,2
TEST_00975,1
TEST_00976,2
TEST_00977,0
TEST_00978,2
TEST_00979,2
TEST_00980,2
TEST_00981,0
TEST_00982,2
TEST_00983,1
TEST_00984,1
TEST_00985,0
TEST_00986,2
TEST_00987,2
TEST_00988,2
TEST_00989,1
TEST_00990,2
TEST_00991,2
TEST_00992,0
TEST_00993,0
TEST_00994,0
TEST_00995,0
TEST_00996,0
TEST_00997,0
TEST_00998,2
TEST_00999,2
TEST_01000,2
TEST_01001,0
TEST_01002,2
TEST_01003,0
TEST_01004,1
TEST_01005,2
TEST_01006,0
TEST_01007,2
TEST_01008,2
TEST_01009,0
TEST_01010,0
TEST_01011,2
TEST_01012,0
TEST_01013,2
TEST_01014,0
TEST_01015,2
TEST_01016,0
TEST_01017,2
TEST_01018,1
TEST_01019,1
TEST_01020,2
TEST_01021,2
TEST_01022,2
TEST_01023,1
TEST_01024,2
TEST_01025,1
TEST_01026,2
TEST_01027,2
TEST_01028,2
TEST_01029,0
TEST_01030,2
TEST_01031,2
TEST_01032,0
TEST_01033,0
TEST_01034,1
TEST_01035,2
TEST_01036,0
TEST_01037,0
TEST_01038,0
TEST_01039,1
TEST_01040,2
TEST_01041,0
TEST_01042,2
TEST_01043,0
TEST_01044,2
TEST_01045,1
TEST_01046,1
TEST_01047,2
TEST_01048,2
TEST_01049,1
TEST_01050,2
TEST_01051,0
TEST_01052,1
TEST_01053,1
TEST_01054,0
TEST_01055,0
TEST_01056,2
TEST_01057,1
TEST_01058,0
TEST_01059,2
TEST_01060,2
TEST_01061,2
TEST_01062,0
TEST_01063,2
TEST_01064,1
TEST_01065,0
TEST_01066,2
TEST_01067,2
TEST_01068,1
TEST_01069,2
TEST_01070,2
TEST_01071,2
TEST_01072,0
TEST_01073,1
TEST_01074,1
TEST_01075,0
TEST_01076,0
TEST_01077,0
TEST_01078,0
TEST_01079,2
TEST_01080,2
TEST_01081,1
TEST_01082,2
TEST_01083,2
TEST_01084,2
TEST_01085,0
TEST_01086,2
TEST_01087,1
TEST_01088,1
TEST_01089,2
TEST_01090,0
TEST_01091,2
TEST_01092,0
TEST_01093,1
TEST_01094,2
TEST_01095,1
TEST_01096,0
TEST_01097,0
TEST_01098,0
TEST_01099,2
TEST_01100,2
TEST_01101,0
TEST_01102,2
TEST_01103,2
TEST_01104,0
TEST_01105,0
TEST_01106,1
TEST_01107,0
TEST_01108,1
TEST_01109,2
TEST_01110,2
TEST_01111,2
TEST_01112,2
TEST_01113,1
TEST_01114,2
TEST_01115,1
TEST_01116,2
TEST_01117,0
TEST_01118,0
TEST_01119,0
TEST_01120,2
TEST_01121,1
TEST_01122,2
TEST_01123,2
TEST_01124,0
TEST_01125,2
TEST_01126,1
TEST_01127,0
TEST_01128,2
TEST_01129,2
TEST_01130,0
TEST_01131,0
TEST_01132,2
TEST_01133,2
TEST_01134,1
TEST_01135,1
TEST_01136,0
TEST_01137,2
TEST_01138,0
TEST_01139,1
TEST_01140,2
TEST_01141,1
TEST_01142,2
TEST_01143,2
TEST_01144,2
TEST_01145,2
TEST_01146,1
TEST_01147,0
TEST_01148,2
TEST_01149,2
TEST_01150,0
TEST_01151,1
TEST_01152,0
TEST_01153,2
TEST_01154,2
TEST_01155,2
TEST_01156,0
TEST_01157,2
TEST_01158,1
TEST_01159,1
TEST_01160,0
TEST_01161,2
TEST_01162,2
TEST_01163,0
TEST_01164,2
TEST_01165,1
TEST_01166,1
TEST_01167,2
TEST_01168,1
TEST_01169,0
TEST_01170,2
TEST_01171,2
TEST_01172,2
TEST_01173,2
TEST_01174,0
TEST_01175,2
TEST_01176,2
TEST_01177,0
TEST_01178,1
TEST_01179,0
TEST_01180,0
TEST_01181,0
TEST_01182,2
TEST_01183,2
TEST_01184,0
TEST_01185,2
TEST_01186,0
TEST_01187,2
TEST_01188,0
TEST_01189,2
TEST_01190,0
TEST_01191,2
TEST_01192,2
TEST_01193,0
TEST_01194,2
TEST_01195,2
TEST_01196,0
TEST_01197,2
TEST_01198,0
TEST_01199,2
TEST_01200,1
TEST_01201,0
TEST_01202,0
TEST_01203,1
TEST_01204,0
TEST_01205,1
TEST_01206,2
TEST_01207,1
TEST_01208,2
TEST_01209,2
TEST_01210,2
TEST_01211,2
TEST_01212,2
TEST_01213,2
TEST_01214,1
TEST_01215,2
TEST_01216,0
TEST_01217,0
TEST_01218,0
TEST_01219,2
TEST_01220,0
TEST_01221,1
TEST_01222,1
TEST_01223,0
TEST_01224,2
TEST_01225,0
TEST_01226,2
TEST_01227,2
TEST_01228,2
TEST_01229,2
TEST_01230,1
TEST_01231,0
TEST_01232,2
TEST_01233,1
TEST_01234,2
TEST_01235,1
TEST_01236,2
TEST_01237,1
TEST_01238,1
TEST_01239,0
TEST_01240,0
TEST_01241,1
TEST_01242,2
TEST_01243,0
TEST_01244,0
TEST_01245,2
TEST_01246,0
TEST_01247,2
TEST_01248,0
TEST_01249,2
TEST_01250,0
TEST_01251,1
TEST_01252,0
TEST_01253,2
TEST_01254,2
TEST_01255,1
TEST_01256,1
TEST_01257,0
TEST_01258,2
TEST_01259,2
TEST_01260,0
TEST_01261,1
TEST_01262,0
TEST_01263,1
TEST_01264,0
TEST_01265,0
TEST_01266,1
TEST_01267,2
TEST_01268,0
TEST_01269,1
TEST_01270,0
TEST_01271,1
TEST_01272,1
TEST_01273,0
TEST_01274,2
TEST_01275,1
TEST_01276,2
TEST_01277,0
TEST_01278,1
TEST_01279,1
TEST_01280,0
TEST_01281,1
TEST_01282,0
TEST_01283,2
TEST_01284,2
TEST_01285,2
TEST_01286,2
TEST_01287,2
TEST_01288,0
TEST_01289,2
TEST_01290,2
TEST_01291,2
TEST_01292,1
TEST_01293,2
TEST_01294,1
TEST_01295,0
TEST_01296,2
TEST_01297,0
TEST_01298,1
TEST_01299,2
TEST_01300,0
TEST_01301,1
TEST_01302,1
TEST_01303,1
TEST_01304,2
TEST_01305,0
TEST_01306,2
TEST_01307,2
TEST_01308,1
TEST_01309,2
TEST_01310,0
TEST_01311,0
TEST_01312,2
TEST_01313,2
TEST_01314,2
TEST_01315,2
TEST_01316,1
TEST_01317,0
TEST_01318,1
TEST_01319,2
TEST_01320,2
TEST_01321,2
TEST_01322,1
TEST_01323,2
TEST_01324,0
TEST_01325,2
TEST_01326,2
TEST_01327,2
TEST_01328,2
TEST_01329,1
TEST_01330,0
TEST_01331,2
TEST_01332,1
TEST_01333,0
TEST_01334,2
TEST_01335,2
TEST_01336,2
TEST_01337,2
TEST_01338,0
TEST_01339,0
TEST_01340,2
TEST_01341,1
TEST_01342,0
TEST_01343,0
TEST_01344,1
TEST_01345,0
TEST_01346,0
TEST_01347,1
TEST_01348,2
TEST_01349,2
TEST_01350,0
TEST_01351,0
TEST_01352,1
TEST_01353,2
TEST_01354,0
TEST_01355,2
TEST_01356,2
TEST_01357,2
TEST_01358,2
TEST_01359,2
TEST_01360,0
TEST_01361,2
TEST_01362,0
TEST_01363,0
TEST_01364,2
TEST_01365,2
TEST_01366,2
TEST_01367,2
TEST_01368,2
TEST_01369,0
TEST_01370,0
TEST_01371,1
TEST_01372,2
TEST_01373,2
TEST_01374,2
TEST_01375,1
TEST_01376,1
TEST_01377,0
TEST_01378,0
TEST_01379,2
TEST_01380,1
TEST_01381,2
TEST_01382,0
TEST_01383,1
TEST_01384,0
TEST_01385,1
TEST_01386,2
TEST_01387,1
TEST_01388,2
TEST_01389,0
TEST_01390,0
TEST_01391,2
TEST_01392,0
TEST_01393,0
TEST_01394,0
TEST_01395,1
TEST_01396,0
TEST_01397,2
TEST_01398,2
TEST_01399,2
TEST_01400,1
TEST_01401,1
TEST_01402,2
TEST_01403,2
TEST_01404,1
TEST_01405,1
TEST_01406,0
TEST_01407,1
TEST_01408,1
TEST_01409,2
TEST_01410,2
TEST_01411,1
TEST_01412,0
TEST_01413,1
TEST_01414,2
TEST_01415,1
TEST_01416,0
TEST_01417,1
TEST_01418,2
TEST_01419,0
TEST_01420,2
TEST_01421,1
TEST_01422,1
TEST_01423,2
TEST_01424,2
TEST_01425,2
TEST_01426,0
TEST_01427,1
TEST_01428,2
TEST_01429,1
TEST_01430,0
TEST_01431,2
TEST_01432,0
TEST_01433,2
TEST_01434,1
TEST_01435,2
TEST_01436,0
TEST_01437,0
TEST_01438,0
TEST_01439,0
TEST_01440,2
TEST_01441,0
TEST_01442,2
TEST_01443,1
TEST_01444,2
TEST_01445,2
TEST_01446,0
TEST_01447,0
TEST_01448,0
TEST_01449,2
TEST_01450,2
TEST_01451,0
TEST_01452,1
TEST_01453,0
TEST_01454,1
TEST_01455,0
TEST_01456,0
TEST_01457,2
TEST_01458,0
TEST_01459,1
TEST_01460,2
TEST_01461,0
TEST_01462,0
TEST_01463,2
TEST_01464,0
TEST_01465,0
TEST_01466,2
TEST_01467,0
TEST_01468,2
TEST_01469,0
TEST_01470,0
TEST_01471,0
TEST_01472,1
TEST_01473,2
TEST_01474,1
TEST_01475,2
TEST_01476,0
TEST_01477,2
TEST_01478,2
TEST_01479,1
TEST_01480,0
TEST_01481,0
TEST_01482,2
TEST_01483,2
TEST_01484,1
TEST_01485,2
TEST_01486,2
TEST_01487,2
TEST_01488,2
TEST_01489,2
TEST_01490,2
TEST_01491,2
TEST_01492,0
TEST_01493,0
TEST_01494,2
TEST_01495,0
TEST_01496,0
TEST_01497,1
TEST_01498,2
TEST_01499,2
TEST_01500,2
TEST_01501,2
TEST_01502,2
TEST_01503,0
TEST_01504,0
TEST_01505,0
TEST_01506,2
TEST_01507,0
TEST_01508,0
TEST_01509,1
TEST_01510,2
TEST_01511,1
TEST_01512,2
TEST_01513,2
TEST_01514,2
TEST_01515,2
TEST_01516,2
TEST_01517,2
TEST_01518,2
TEST_01519,2
TEST_01520,1
TEST_01521,2
TEST_01522,0
TEST_01523,2
TEST_01524,2
TEST_01525,2
TEST_01526,0
TEST_01527,0
TEST_01528,2
TEST_01529,2
TEST_01530,1
TEST_01531,2
TEST_01532,2
TEST_01533,1
TEST_01534,2
TEST_01535,0
TEST_01536,2
TEST_01537,2
TEST_01538,0
TEST_01539,0
TEST_01540,2
TEST_01541,2
TEST_01542,0
TEST_01543,1
TEST_01544,1
TEST_01545,0
TEST_01546,1
TEST_01547,0
TEST_01548,0
TEST_01549,2
TEST_01550,1
TEST_01551,0
TEST_01552,2
TEST_01553,2
TEST_01554,2
TEST_01555,2
TEST_01556,0
TEST_01557,0
TEST_01558,2
TEST_01559,2
TEST_01560,2
TEST_01561,2
TEST_01562,2
TEST_01563,0
TEST_01564,2
TEST_01565,2
TEST_01566,0
TEST_01567,2
TEST_01568,0
TEST_01569,2
TEST_01570,0
TEST_01571,1
TEST_01572,2
TEST_01573,0
TEST_01574,0
TEST_01575,2
TEST_01576,0
TEST_01577,2
TEST_01578,1
TEST_01579,2
TEST_01580,2
TEST_01581,2
TEST_01582,2
TEST_01583,0
TEST_01584,1
TEST_01585,2
TEST_01586,2
TEST_01587,2
TEST_01588,2
TEST_01589,1
TEST_01590,0
TEST_01591,0
TEST_01592,2
TEST_01593,2
TEST_01594,0
TEST_01595,2
TEST_01596,2
TEST_01597,2
TEST_01598,1
TEST_01599,2
TEST_01600,0
TEST_01601,2
TEST_01602,0
TEST_01603,0
TEST_01604,1
TEST_01605,0
TEST_01606,1
TEST_01607,2
TEST_01608,2
TEST_01609,1
TEST_01610,0
TEST_01611,0
TEST_01612,2
TEST_01613,1
TEST_01614,0
TEST_01615,0
TEST_01616,0
TEST_01617,2
TEST_01618,1
TEST_01619,0
TEST_01620,2
TEST_01621,2
TEST_01622,2
TEST_01623,2
TEST_01624,1
TEST_01625,0
TEST_01626,2
TEST_01627,2
TEST_01628,0
TEST_01629,0
TEST_01630,0
TEST_01631,0
TEST_01632,0
TEST_01633,2
TEST_01634,0
TEST_01635,0
TEST_01636,0
TEST_01637,0
TEST_01638,2
TEST_01639,0
TEST_01640,0
TEST_01641,2
TEST_01642,1
TEST_01643,1
TEST_01644,0
TEST_01645,2
TEST_01646,0
TEST_01647,2
TEST_01648,2
TEST_01649,0
TEST_01650,1
TEST_01651,1
TEST_01652,0
TEST_01653,0
TEST_01654,0
TEST_01655,1
TEST_01656,0
TEST_01657,2
TEST_01658,2
TEST_01659,2
TEST_01660,2
TEST_01661,0
TEST_01662,2
TEST_01663,2
TEST_01664,2
TEST_01665,0
TEST_01666,2
TEST_01667,1
TEST_01668,0
TEST_01669,2
TEST_01670,1
TEST_01671,2
TEST_01672,2
TEST_01673,1
TEST_01674,2
TEST_01675,2
TEST_01676,1
TEST_01677,2
TEST_01678,2
TEST_01679,0
TEST_01680,0
TEST_01681,2
TEST_01682,2
TEST_01683,2
TEST_01684,1
TEST_01685,1
TEST_01686,1
TEST_01687,2
TEST_01688,2
TEST_01689,2
TEST_01690,1
TEST_01691,2
TEST_01692,1
TEST_01693,2
TEST_01694,1
TEST_01695,2
TEST_01696,2
TEST_01697,2
TEST_01698,0
TEST_01699,0
TEST_01700,2
TEST_01701,0
TEST_01702,0
TEST_01703,2
TEST_01704,2
TEST_01705,2
TEST_01706,0
TEST_01707,2
TEST_01708,0
TEST_01709,0
TEST_01710,1
TEST_01711,2
TEST_01712,2
TEST_01713,1
TEST_01714,2
TEST_01715,0
TEST_01716,2
TEST_01717,0
TEST_01718,0
TEST_01719,2
TEST_01720,1
TEST_01721,0
TEST_01722,0
TEST_01723,2
TEST_01724,1
TEST_01725,0
TEST_01726,0
TEST_01727,0
TEST_01728,2
TEST_01729,2
TEST_01730,2
TEST_01731,2
TEST_01732,0
TEST_01733,1
TEST_01734,0
TEST_01735,2
TEST_01736,2
TEST_01737,0
TEST_01738,1
TEST_01739,1
TEST_01740,1
TEST_01741,2
TEST_01742,0
TEST_01743,1
TEST_01744,0
TEST_01745,2
TEST_01746,2
TEST_01747,1
TEST_01748,1
TEST_01749,0
TEST_01750,0
TEST_01751,2
TEST_01752,0
TEST_01753,2
TEST_01754,0
TEST_01755,0
TEST_01756,0
TEST_01757,1
TEST_01758,0
TEST_01759,0
TEST_01760,1
TEST_01761,2
TEST_01762,1
TEST_01763,0
TEST_01764,2
TEST_01765,1
TEST_01766,2
TEST_01767,1
TEST_01768,0
TEST_01769,2
TEST_01770,0
TEST_01771,2
TEST_01772,2
TEST_01773,2
TEST_01774,1
TEST_01775,1
TEST_01776,2
TEST_01777,0
TEST_01778,1
TEST_01779,1
TEST_01780,1
TEST_01781,2
TEST_01782,0
TEST_01783,0
TEST_01784,0
TEST_01785,2
TEST_01786,2
TEST_01787,1
TEST_01788,0
TEST_01789,1
TEST_01790,1
TEST_01791,2
TEST_01792,0
TEST_01793,2
TEST_01794,1
TEST_01795,0
TEST_01796,0
TEST_01797,2
TEST_01798,2
TEST_01799,2
TEST_01800,2
TEST_01801,0
TEST_01802,1
TEST_01803,2
TEST_01804,2
TEST_01805,1
TEST_01806,2
TEST_01807,0
TEST_01808,2
TEST_01809,1
TEST_01810,0
TEST_01811,0
TEST_01812,0
TEST_01813,2
TEST_01814,0
TEST_01815,0
TEST_01816,0
TEST_01817,2
TEST_01818,1
TEST_01819,2
TEST_01820,0
TEST_01821,2
TEST_01822,2
TEST_01823,0
TEST_01824,0
TEST_01825,2
TEST_01826,1
TEST_01827,1
TEST_01828,1
TEST_01829,2
TEST_01830,0
TEST_01831,0
TEST_01832,0
TEST_01833,0
TEST_01834,0
TEST_01835,0
TEST_01836,2
TEST_01837,2
TEST_01838,2
TEST_01839,0
TEST_01840,2
TEST_01841,2
TEST_01842,2
TEST_01843,2
TEST_01844,0
TEST_01845,1
TEST_01846,1
TEST_01847,1
TEST_01848,2
TEST_01849,2
TEST_01850,0
TEST_01851,2
TEST_01852,1
TEST_01853,1
TEST_01854,1
TEST_01855,0
TEST_01856,0
TEST_01857,2
TEST_01858,1
TEST_01859,1
TEST_01860,1
TEST_01861,2
TEST_01862,2
TEST_01863,2
TEST_01864,2
TEST_01865,2
TEST_01866,0
TEST_01867,2
TEST_01868,1
TEST_01869,2
TEST_01870,0
TEST_01871,2
TEST_01872,0
TEST_01873,2
TEST_01874,2
TEST_01875,1
TEST_01876,2
TEST_01877,0
TEST_01878,0
TEST_01879,1
TEST_01880,2
TEST_01881,0
TEST_01882,2
TEST_01883,2
TEST_01884,0
TEST_01885,1
TEST_01886,1
TEST_01887,1
TEST_01888,2
TEST_01889,1
TEST_01890,0
TEST_01891,2
TEST_01892,2
TEST_01893,0
TEST_01894,2
TEST_01895,0
TEST_01896,0
TEST_01897,2
TEST_01898,2
TEST_01899,2
TEST_01900,2
TEST_01901,0
TEST_01902,1
TEST_01903,0
TEST_01904,0
TEST_01905,0
TEST_01906,2
TEST_01907,0
TEST_01908,2
TEST_01909,0
TEST_01910,2
TEST_01911,2
TEST_01912,2
TEST_01913,1
TEST_01914,0
TEST_01915,2
TEST_01916,2
TEST_01917,0
TEST_01918,2
TEST_01919,0
TEST_01920,2
TEST_01921,0
TEST_01922,1
TEST_01923,2
TEST_01924,2
TEST_01925,0
TEST_01926,1
TEST_01927,0
TEST_01928,2
TEST_01929,2
TEST_01930,0
TEST_01931,0
TEST_01932,1
TEST_01933,0
TEST_01934,2
TEST_01935,0
TEST_01936,2
TEST_01937,2
TEST_01938,2
TEST_01939,2
TEST_01940,2
TEST_01941,2
TEST_01942,2
TEST_01943,1
TEST_01944,1
TEST_01945,2
TEST_01946,0
TEST_01947,0
TEST_01948,2
TEST_01949,2
TEST_01950,2
TEST_01951,0
TEST_01952,0
TEST_01953,1
TEST_01954,2
TEST_01955,2
TEST_01956,0
TEST_01957,2
TEST_01958,2
TEST_01959,2
TEST_01960,2
TEST_01961,2
TEST_01962,1
TEST_01963,1
TEST_01964,1
TEST_01965,1
TEST_01966,2
TEST_01967,1
TEST_01968,1
TEST_01969,0
TEST_01970,2
TEST_01971,0
TEST_01972,2
TEST_01973,1
TEST_01974,2
TEST_01975,1
TEST_01976,0
TEST_01977,2
TEST_01978,2
TEST_01979,0
TEST_01980,0
TEST_01981,1
TEST_01982,0
TEST_01983,0
TEST_01984,2
TEST_01985,1
TEST_01986,2
TEST_01987,1
TEST_01988,0
TEST_01989,2
TEST_01990,0
TEST_01991,2
TEST_01992,1
TEST_01993,2
TEST_01994,2
TEST_01995,2
TEST_01996,2
TEST_01997,1
TEST_01998,1
TEST_01999,0
TEST_02000,1
TEST_02001,2
TEST_02002,2
TEST_02003,1
TEST_02004,2
TEST_02005,2
TEST_02006,1
TEST_02007,0
TEST_02008,1
TEST_02009,2
TEST_02010,0
TEST_02011,0
TEST_02012,2
TEST_02013,0
TEST_02014,2
TEST_02015,1
TEST_02016,0
TEST_02017,2
TEST_02018,1
TEST_02019,0
TEST_02020,2
TEST_02021,2
TEST_02022,0
TEST_02023,1
TEST_02024,0
TEST_02025,0
TEST_02026,1
TEST_02027,2
TEST_02028,0
TEST_02029,2
TEST_02030,0
TEST_02031,1
TEST_02032,2
TEST_02033,2
TEST_02034,2
TEST_02035,1
TEST_02036,2
TEST_02037,0
TEST_02038,2
TEST_02039,2
TEST_02040,1
TEST_02041,2
TEST_02042,2
TEST_02043,0
TEST_02044,0
TEST_02045,2
TEST_02046,0
TEST_02047,2
TEST_02048,1
TEST_02049,1
TEST_02050,2
TEST_02051,2
TEST_02052,0
TEST_02053,0
TEST_02054,1
TEST_02055,2
TEST_02056,2
TEST_02057,1
TEST_02058,1
TEST_02059,0
TEST_02060,2
TEST_02061,1
TEST_02062,2
TEST_02063,0
TEST_02064,0
TEST_02065,1
TEST_02066,1
TEST_02067,2
TEST_02068,1
TEST_02069,2
TEST_02070,1
TEST_02071,2
TEST_02072,1
TEST_02073,2
TEST_02074,0
TEST_02075,0
TEST_02076,2
TEST_02077,2
TEST_02078,0
TEST_02079,1
TEST_02080,2
TEST_02081,2
TEST_02082,0
TEST_02083,2
TEST_02084,0
TEST_02085,0
TEST_02086,0
TEST_02087,0
TEST_02088,2
TEST_02089,0
TEST_02090,0
TEST_02091,1
TEST_02092,0
TEST_02093,1
TEST_02094,1
TEST_02095,2
TEST_02096,1
TEST_02097,0
TEST_02098,1
TEST_02099,1
TEST_02100,0
TEST_02101,0
TEST_02102,0
TEST_02103,2
TEST_02104,2
TEST_02105,1
TEST_02106,2
TEST_02107,2
TEST_02108,2
TEST_02109,1
TEST_02110,0
TEST_02111,2
TEST_02112,2
TEST_02113,2
TEST_02114,0
TEST_02115,1
TEST_02116,2
TEST_02117,0
TEST_02118,2
TEST_02119,2
TEST_02120,2
TEST_02121,1
TEST_02122,2
TEST_02123,0
TEST_02124,0
TEST_02125,0
TEST_02126,0
TEST_02127,2
TEST_02128,2
TEST_02129,1
TEST_02130,2
TEST_02131,0
TEST_02132,1
TEST_02133,0
TEST_02134,2
TEST_02135,0
TEST_02136,0
TEST_02137,2
TEST_02138,1
TEST_02139,1
TEST_02140,0
TEST_02141,1
TEST_02142,2
TEST_02143,0
TEST_02144,0
TEST_02145,2
TEST_02146,1
TEST_02147,2
TEST_02148,1
TEST_02149,2
TEST_02150,1
TEST_02151,1
TEST_02152,0
TEST_02153,0
TEST_02154,2
TEST_02155,2
TEST_02156,2
TEST_02157,0
TEST_02158,0
TEST_02159,0
TEST_02160,1
TEST_02161,2
TEST_02162,2
TEST_02163,0
TEST_02164,2
TEST_02165,1
TEST_02166,0
TEST_02167,1
TEST_02168,1
TEST_02169,2
TEST_02170,1
TEST_02171,2
TEST_02172,2
TEST_02173,0
TEST_02174,2
TEST_02175,0
TEST_02176,0
TEST_02177,2
TEST_02178,2
TEST_02179,0
TEST_02180,2
TEST_02181,2
TEST_02182,2
TEST_02183,0
TEST_02184,0
TEST_02185,0
TEST_02186,0
TEST_02187,2
TEST_02188,2
TEST_02189,1
TEST_02190,0
TEST_02191,2
TEST_02192,2
TEST_02193,1
TEST_02194,1
TEST_02195,2
TEST_02196,0
TEST_02197,0
TEST_02198,1
TEST_02199,2
TEST_02200,0
TEST_02201,0
TEST_02202,2
TEST_02203,2
TEST_02204,2
TEST_02205,2
TEST_02206,0
TEST_02207,0
TEST_02208,1
TEST_02209,1
TEST_02210,1
TEST_02211,1
TEST_02212,2
TEST_02213,0
TEST_02214,1
TEST_02215,1
TEST_02216,2
TEST_02217,1
TEST_02218,2
TEST_02219,0
TEST_02220,1
TEST_02221,2
TEST_02222,2
TEST_02223,2
TEST_02224,2
TEST_02225,2
TEST_02226,2
TEST_02227,2
TEST_02228,2
TEST_02229,1
TEST_02230,1
TEST_02231,1
TEST_02232,0
TEST_02233,1
TEST_02234,0
TEST_02235,1
TEST_02236,2
TEST_02237,1
TEST_02238,0
TEST_02239,0
TEST_02240,2
TEST_02241,2
TEST_02242,2
TEST_02243,0
TEST_02244,1
TEST_02245,0
TEST_02246,2
TEST_02247,1
TEST_02248,0
TEST_02249,0
TEST_02250,2
TEST_02251,2
TEST_02252,0
TEST_02253,2
TEST_02254,0
TEST_02255,2
TEST_02256,0
TEST_02257,0
TEST_02258,0
TEST_02259,0
TEST_02260,1
TEST_02261,0
TEST_02262,0
TEST_02263,2
TEST_02264,0
TEST_02265,2
TEST_02266,0
TEST_02267,0
TEST_02268,0
TEST_02269,1
TEST_02270,2
TEST_02271,0
TEST_02272,2
TEST_02273,0
TEST_02274,0
TEST_02275,2
TEST_02276,0
TEST_02277,1
TEST_02278,2
TEST_02279,2
TEST_02280,1
TEST_02281,2
TEST_02282,2
TEST_02283,0
TEST_02284,1
TEST_02285,0
TEST_02286,2
TEST_02287,2
TEST_02288,2
TEST_02289,0
TEST_02290,1
TEST_02291,0
TEST_02292,0
TEST_02293,0
TEST_02294,1
TEST_02295,2
TEST_02296,1
TEST_02297,2
TEST_02298,0
TEST_02299,2
TEST_02300,1
TEST_02301,2
TEST_02302,0
TEST_02303,2
TEST_02304,2
TEST_02305,1
TEST_02306,2
TEST_02307,2
TEST_02308,2
TEST_02309,1
TEST_02310,2
TEST_02311,2
TEST_02312,2
TEST_02313,1
TEST_02314,2
TEST_02315,1
TEST_02316,0
TEST_02317,0
TEST_02318,2
TEST_02319,2
TEST_02320,0
TEST_02321,2
TEST_02322,1
TEST_02323,2
TEST_02324,2
TEST_02325,2
TEST_02326,0
TEST_02327,1
TEST_02328,0
TEST_02329,2
TEST_02330,0
TEST_02331,2
TEST_02332,0
TEST_02333,2
TEST_02334,2
TEST_02335,1
TEST_02336,0
TEST_02337,0
TEST_02338,2
TEST_02339,2
TEST_02340,2
TEST_02341,2
TEST_02342,2
TEST_02343,2
TEST_02344,2
TEST_02345,0
TEST_02346,2
TEST_02347,2
TEST_02348,0
TEST_02349,0
TEST_02350,1
TEST_02351,0
TEST_02352,2
TEST_02353,2
TEST_02354,1
TEST_02355,2
TEST_02356,0
TEST_02357,2
TEST_02358,2
TEST_02359,0
TEST_02360,2
TEST_02361,2
TEST_02362,2
TEST_02363,1
TEST_02364,0
TEST_02365,2
TEST_02366,0
TEST_02367,1
TEST_02368,0
TEST_02369,1
TEST_02370,2
TEST_02371,0
TEST_02372,2
TEST_02373,0
TEST_02374,1
TEST_02375,0
TEST_02376,1
TEST_02377,0
TEST_02378,2
TEST_02379,1
TEST_02380,2
TEST_02381,0
TEST_02382,2
TEST_02383,0
TEST_02384,2
TEST_02385,2
TEST_02386,0
TEST_02387,2
TEST_02388,1
TEST_02389,0
TEST_02390,2
TEST_02391,0
TEST_02392,1
TEST_02393,0
TEST_02394,0
TEST_02395,1
TEST_02396,1
TEST_02397,2
TEST_02398,0
TEST_02399,0
TEST_02400,1
TEST_02401,0
TEST_02402,0
TEST_02403,1
TEST_02404,0
TEST_02405,0
TEST_02406,0
TEST_02407,1
TEST_02408,2
TEST_02409,0
TEST_02410,2
TEST_02411,2
TEST_02412,2
TEST_02413,1
TEST_02414,0
TEST_02415,1
TEST_02416,2
TEST_02417,0
TEST_02418,2
TEST_02419,2
TEST_02420,2
TEST_02421,0
TEST_02422,1
TEST_02423,0
TEST_02424,0
TEST_02425,2
TEST_02426,1
TEST_02427,0
TEST_02428,2
TEST_02429,2
TEST_02430,1
TEST_02431,2
TEST_02432,2
TEST_02433,2
TEST_02434,0
TEST_02435,2
TEST_02436,0
TEST_02437,2
TEST_02438,0
TEST_02439,1
TEST_02440,2
TEST_02441,1
TEST_02442,0
TEST_02443,2
TEST_02444,0
TEST_02445,2
TEST_02446,2
TEST_02447,2
TEST_02448,0
TEST_02449,2
TEST_02450,2
TEST_02451,0
TEST_02452,1
TEST_02453,0
TEST_02454,0
TEST_02455,1
TEST_02456,0
TEST_02457,2
TEST_02458,0
TEST_02459,2
TEST_02460,0
TEST_02461,2
TEST_02462,0
TEST_02463,2
TEST_02464,2
TEST_02465,2
TEST_02466,2
TEST_02467,2
TEST_02468,2
TEST_02469,2
TEST_02470,2
TEST_02471,1
TEST_02472,0
TEST_02473,2
TEST_02474,2
TEST_02475,0
TEST_02476,1
TEST_02477,2
TEST_02478,2
TEST_02479,0
TEST_02480,0
TEST_02481,2
TEST_02482,2
TEST_02483,1
TEST_02484,2
TEST_02485,2
TEST_02486,2
TEST_02487,1
TEST_02488,2
TEST_02489,2
TEST_02490,1
TEST_02491,0
TEST_02492,2
TEST_02493,2
TEST_02494,0
TEST_02495,2
TEST_02496,1
TEST_02497,2
TEST_02498,1
TEST_02499,2
TEST_02500,2
TEST_02501,1
TEST_02502,0
TEST_02503,1
TEST_02504,0
TEST_02505,0
TEST_02506,0
TEST_02507,0
TEST_02508,2
TEST_02509,1
TEST_02510,2
TEST_02511,2
TEST_02512,2
TEST_02513,2
TEST_02514,1
TEST_02515,2
TEST_02516,1
TEST_02517,2
TEST_02518,0
TEST_02519,0
TEST_02520,2
TEST_02521,2
TEST_02522,0
TEST_02523,2
TEST_02524,2
TEST_02525,2
TEST_02526,1
TEST_02527,0
TEST_02528,0
TEST_02529,2
TEST_02530,0
TEST_02531,1
TEST_02532,0
TEST_02533,2
TEST_02534,0
TEST_02535,0
TEST_02536,2
TEST_02537,2
TEST_02538,2
TEST_02539,2
TEST_02540,2
TEST_02541,2
TEST_02542,0
TEST_02543,1
TEST_02544,1
TEST_02545,2
TEST_02546,2
TEST_02547,2
TEST_02548,2
TEST_02549,2
TEST_02550,2
TEST_02551,0
TEST_02552,2
TEST_02553,2
TEST_02554,2
TEST_02555,2
TEST_02556,1
TEST_02557,0
TEST_02558,1
TEST_02559,1
TEST_02560,2
TEST_02561,1
TEST_02562,2
TEST_02563,0
TEST_02564,2
TEST_02565,2
TEST_02566,1
TEST_02567,1
TEST_02568,1
TEST_02569,2
TEST_02570,2
TEST_02571,2
TEST_02572,0
TEST_02573,1
TEST_02574,0
TEST_02575,0
TEST_02576,0
TEST_02577,2
TEST_02578,1
TEST_02579,2
TEST_02580,0
TEST_02581,1
TEST_02582,2
TEST_02583,2
TEST_02584,0
TEST_02585,1
TEST_02586,2
TEST_02587,2
TEST_02588,0
TEST_02589,0
TEST_02590,2
TEST_02591,0
TEST_02592,2
TEST_02593,0
TEST_02594,2
TEST_02595,0
TEST_02596,1
TEST_02597,1
TEST_02598,0
TEST_02599,0
TEST_02600,0
TEST_02601,1
TEST_02602,2
TEST_02603,2
TEST_02604,2
TEST_02605,1
TEST_02606,2
TEST_02607,0
TEST_02608,2
TEST_02609,2
TEST_02610,2
TEST_02611,1
TEST_02612,0
TEST_02613,0
TEST_02614,0
TEST_02615,0
TEST_02616,2
TEST_02617,0
TEST_02618,1
TEST_02619,0
TEST_02620,2
TEST_02621,0
TEST_02622,2
TEST_02623,2
TEST_02624,0
TEST_02625,1
TEST_02626,2
TEST_02627,1
TEST_02628,1
TEST_02629,1
TEST_02630,2
TEST_02631,0
TEST_02632,2
TEST_02633,0
TEST_02634,0
TEST_02635,1
TEST_02636,2
TEST_02637,1
TEST_02638,0
TEST_02639,1
TEST_02640,2
TEST_02641,2
TEST_02642,1
TEST_02643,2
TEST_02644,2
TEST_02645,2
TEST_02646,1
TEST_02647,2
TEST_02648,0
TEST_02649,1
TEST_02650,1
TEST_02651,2
TEST_02652,0
TEST_02653,2
TEST_02654,0
TEST_02655,2
TEST_02656,1
TEST_02657,0
TEST_02658,0
TEST_02659,1
TEST_02660,1
TEST_02661,2
TEST_02662,2
TEST_02663,2
TEST_02664,1
TEST_02665,2
TEST_02666,0
TEST_02667,2
TEST_02668,2
TEST_02669,2
TEST_02670,0
TEST_02671,2
TEST_02672,1
TEST_02673,0
TEST_02674,1
TEST_02675,2
TEST_02676,1
TEST_02677,0
TEST_02678,1
TEST_02679,0
TEST_02680,0
TEST_02681,2
TEST_02682,2
TEST_02683,1
TEST_02684,0
TEST_02685,2
TEST_02686,0
TEST_02687,1
TEST_02688,1
TEST_02689,2
TEST_02690,0
TEST_02691,0
TEST_02692,2
TEST_02693,2
TEST_02694,1
TEST_02695,0
TEST_02696,0
TEST_02697,1
TEST_02698,2
TEST_02699,2
TEST_02700,1
TEST_02701,1
TEST_02702,2
TEST_02703,1
TEST_02704,1
TEST_02705,0
TEST_02706,0
TEST_02707,2
TEST_02708,0
TEST_02709,1
TEST_02710,2
TEST_02711,2
TEST_02712,0
TEST_02713,0
TEST_02714,1
TEST_02715,2
TEST_02716,2
TEST_02717,1
TEST_02718,2
TEST_02719,2
TEST_02720,1
TEST_02721,1
TEST_02722,0
TEST_02723,0
TEST_02724,1
TEST_02725,0
TEST_02726,2
TEST_02727,0
TEST_02728,1
TEST_02729,0
TEST_02730,2
TEST_02731,0
TEST_02732,2
TEST_02733,2
TEST_02734,0
TEST_02735,1
TEST_02736,2
TEST_02737,2
TEST_02738,0
TEST_02739,2
TEST_02740,2
TEST_02741,2
TEST_02742,2
TEST_02743,1
TEST_02744,1
TEST_02745,2
TEST_02746,1
TEST_02747,2
TEST_02748,1
TEST_02749,2
TEST_02750,1
TEST_02751,1
TEST_02752,0
TEST_02753,2
TEST_02754,0
TEST_02755,1
TEST_02756,2
TEST_02757,1
TEST_02758,2
TEST_02759,0
TEST_02760,2
TEST_02761,1
TEST_02762,1
TEST_02763,2
TEST_02764,2
TEST_02765,2
TEST_02766,0
TEST_02767,1
TEST_02768,0
TEST_02769,1
TEST_02770,2
TEST_02771,1
TEST_02772,0
TEST_02773,1
TEST_02774,1
TEST_02775,1
TEST_02776,0
TEST_02777,2
TEST_02778,0
TEST_02779,2
TEST_02780,1
TEST_02781,2
TEST_02782,1
TEST_02783,2
TEST_02784,0
TEST_02785,0
TEST_02786,2
TEST_02787,2
TEST_02788,2
TEST_02789,2
TEST_02790,1
TEST_02791,0
TEST_02792,0
TEST_02793,0
TEST_02794,1
TEST_02795,2
TEST_02796,2
TEST_02797,0
TEST_02798,1
TEST_02799,2
TEST_02800,1
TEST_02801,0
TEST_02802,2
TEST_02803,0
TEST_02804,0
TEST_02805,2
TEST_02806,1
TEST_02807,2
TEST_02808,0
TEST_02809,0
TEST_02810,0
TEST_02811,2
TEST_02812,0
TEST_02813,2
TEST_02814,2
TEST_02815,0
TEST_02816,0
TEST_02817,2
TEST_02818,0
TEST_02819,0
TEST_02820,0
TEST_02821,2
TEST_02822,0
TEST_02823,0
TEST_02824,0
TEST_02825,2
TEST_02826,0
TEST_02827,2
TEST_02828,2
TEST_02829,1
TEST_02830,1
TEST_02831,2
TEST_02832,2
TEST_02833,2
TEST_02834,2
TEST_02835,2
TEST_02836,0
TEST_02837,0
TEST_02838,1
TEST_02839,2
TEST_02840,2
TEST_02841,1
TEST_02842,1
TEST_02843,2
TEST_02844,1
TEST_02845,0
TEST_02846,2
TEST_02847,1
TEST_02848,2
TEST_02849,2
TEST_02850,2
TEST_02851,1
TEST_02852,2
TEST_02853,0
TEST_02854,0
TEST_02855,2
TEST_02856,2
TEST_02857,0
TEST_02858,0
TEST_02859,2
TEST_02860,2
TEST_02861,2
TEST_02862,2
TEST_02863,1
TEST_02864,2
TEST_02865,2
TEST_02866,2
TEST_02867,2
TEST_02868,2
TEST_02869,2
TEST_02870,2
TEST_02871,1
TEST_02872,2
TEST_02873,1
TEST_02874,1
TEST_02875,2
TEST_02876,2
TEST_02877,0
TEST_02878,2
TEST_02879,0
TEST_02880,2
TEST_02881,0
TEST_02882,1
TEST_02883,2
TEST_02884,1
TEST_02885,2
TEST_02886,1
TEST_02887,2
TEST_02888,0
TEST_02889,2
TEST_02890,2
TEST_02891,2
TEST_02892,1
TEST_02893,2
TEST_02894,0
TEST_02895,2
TEST_02896,0
TEST_02897,2
TEST_02898,2
TEST_02899,2
TEST_02900,2
TEST_02901,0
TEST_02902,2
TEST_02903,1
TEST_02904,2
TEST_02905,2
TEST_02906,1
TEST_02907,1
TEST_02908,0
TEST_02909,2
TEST_02910,0
TEST_02911,2
TEST_02912,2
TEST_02913,2
TEST_02914,1
TEST_02915,2
TEST_02916,1
TEST_02917,2
TEST_02918,2
TEST_02919,0
TEST_02920,2
TEST_02921,2
TEST_02922,1
TEST_02923,0
TEST_02924,1
TEST_02925,0
TEST_02926,0
TEST_02927,0
TEST_02928,2
TEST_02929,1
TEST_02930,2
TEST_02931,0
TEST_02932,0
TEST_02933,1
TEST_02934,1
TEST_02935,1
TEST_02936,0
TEST_02937,0
TEST_02938,2
TEST_02939,1
TEST_02940,0
TEST_02941,2
TEST_02942,1
TEST_02943,2
TEST_02944,0
TEST_02945,2
TEST_02946,2
TEST_02947,2
TEST_02948,1
TEST_02949,2
TEST_02950,2
TEST_02951,2
TEST_02952,0
TEST_02953,1
TEST_02954,0
TEST_02955,2
TEST_02956,1
TEST_02957,2
TEST_02958,1
TEST_02959,2
TEST_02960,1
TEST_02961,2
TEST_02962,1
TEST_02963,0
TEST_02964,0
TEST_02965,2
TEST_02966,0
TEST_02967,1
TEST_02968,0
TEST_02969,0
TEST_02970,2
TEST_02971,2
TEST_02972,2
TEST_02973,2
TEST_02974,0
TEST_02975,2
TEST_02976,0
TEST_02977,2
TEST_02978,2
TEST_02979,0
TEST_02980,2
TEST_02981,2
TEST_02982,0
TEST_02983,2
TEST_02984,0
TEST_02985,2
TEST_02986,2
TEST_02987,0
TEST_02988,1
TEST_02989,2
TEST_02990,1
TEST_02991,0
TEST_02992,2
TEST_02993,1
TEST_02994,0
TEST_02995,0
TEST_02996,2
TEST_02997,2
TEST_02998,1
TEST_02999,0
TEST_03000,2
TEST_03001,2
TEST_03002,1
TEST_03003,0
TEST_03004,0
TEST_03005,2
TEST_03006,2
TEST_03007,2
TEST_03008,2
TEST_03009,2
TEST_03010,1
TEST_03011,1
TEST_03012,2
TEST_03013,2
TEST_03014,1
TEST_03015,2
TEST_03016,0
TEST_03017,1
TEST_03018,2
TEST_03019,0
TEST_03020,2
TEST_03021,1
TEST_03022,2
TEST_03023,0
TEST_03024,0
TEST_03025,2
TEST_03026,0
TEST_03027,2
TEST_03028,1
TEST_03029,2
TEST_03030,0
TEST_03031,2
TEST_03032,2
TEST_03033,0
TEST_03034,2
TEST_03035,2
TEST_03036,0
TEST_03037,2
TEST_03038,0
TEST_03039,0
TEST_03040,1
TEST_03041,2
TEST_03042,0
TEST_03043,2
TEST_03044,2
TEST_03045,2
TEST_03046,2
TEST_03047,2
TEST_03048,0
TEST_03049,1
TEST_03050,2
TEST_03051,2
TEST_03052,0
TEST_03053,0
TEST_03054,2
TEST_03055,2
TEST_03056,1
TEST_03057,2
TEST_03058,2
TEST_03059,2
TEST_03060,0
TEST_03061,2
TEST_03062,2
TEST_03063,1
TEST_03064,1
TEST_03065,2
TEST_03066,1
TEST_03067,2
TEST_03068,1
TEST_03069,2
TEST_03070,1
TEST_03071,2
TEST_03072,0
TEST_03073,1
TEST_03074,2
TEST_03075,2
TEST_03076,0
TEST_03077,0
TEST_03078,0
TEST_03079,0
TEST_03080,0
TEST_03081,0
TEST_03082,1
TEST_03083,2
TEST_03084,0
TEST_03085,0
TEST_03086,1
TEST_03087,2
TEST_03088,0
TEST_03089,1
TEST_03090,0
TEST_03091,0
TEST_03092,0
TEST_03093,0
TEST_03094,1
TEST_03095,1
TEST_03096,2
TEST_03097,2
TEST_03098,2
TEST_03099,2
TEST_03100,0
TEST_03101,2
TEST_03102,1
TEST_03103,0
TEST_03104,2
TEST_03105,1
TEST_03106,0
TEST_03107,0
TEST_03108,1
TEST_03109,0
TEST_03110,1
TEST_03111,1
TEST_03112,2
TEST_03113,0
TEST_03114,0
TEST_03115,1
TEST_03116,1
TEST_03117,2
TEST_03118,2
TEST_03119,2
TEST_03120,2
TEST_03121,0
TEST_03122,2
TEST_03123,2
TEST_03124,1
TEST_03125,0
TEST_03126,0
TEST_03127,0
TEST_03128,2
TEST_03129,2
TEST_03130,2
TEST_03131,1
TEST_03132,2
TEST_03133,0
TEST_03134,0
TEST_03135,1
TEST_03136,1
TEST_03137,1
TEST_03138,2
TEST_03139,0
TEST_03140,2
TEST_03141,0
TEST_03142,0
TEST_03143,0
TEST_03144,1
TEST_03145,2
TEST_03146,0
TEST_03147,0
TEST_03148,2
TEST_03149,0
TEST_03150,2
TEST_03151,2
TEST_03152,2
TEST_03153,2
TEST_03154,2
TEST_03155,0
TEST_03156,0
TEST_03157,0
TEST_03158,1
TEST_03159,2
TEST_03160,0
TEST_03161,2
TEST_03162,0
TEST_03163,1
TEST_03164,2
TEST_03165,1
TEST_03166,1
TEST_03167,1
TEST_03168,2
TEST_03169,1
TEST_03170,1
TEST_03171,2
TEST_03172,2
TEST_03173,0
TEST_03174,0
TEST_03175,0
TEST_03176,0
TEST_03177,2
TEST_03178,2
TEST_03179,2
TEST_03180,1
TEST_03181,1
TEST_03182,0
TEST_03183,2
TEST_03184,2
TEST_03185,0
TEST_03186,0
TEST_03187,1
TEST_03188,0
TEST_03189,2
TEST_03190,2
TEST_03191,1
TEST_03192,2
TEST_03193,2
TEST_03194,1
TEST_03195,2
TEST_03196,0
TEST_03197,2
TEST_03198,1
TEST_03199,1
TEST_03200,2
TEST_03201,0
TEST_03202,2
TEST_03203,2
TEST_03204,0
TEST_03205,1
TEST_03206,1
TEST_03207,0
TEST_03208,2
TEST_03209,0
TEST_03210,2
TEST_03211,2
TEST_03212,1
TEST_03213,1
TEST_03214,2
TEST_03215,2
TEST_03216,1
TEST_03217,2
TEST_03218,0
TEST_03219,2
TEST_03220,1
TEST_03221,0
TEST_03222,2
TEST_03223,0
TEST_03224,2
TEST_03225,2
TEST_03226,2
TEST_03227,2
TEST_03228,1
TEST_03229,2
TEST_03230,0
TEST_03231,0
TEST_03232,1
TEST_03233,0
TEST_03234,2
TEST_03235,1
TEST_03236,0
TEST_03237,2
TEST_03238,1
TEST_03239,0
TEST_03240,2
TEST_03241,1
TEST_03242,0
TEST_03243,0
TEST_03244,2
TEST_03245,2
TEST_03246,1
TEST_03247,0
TEST_03248,2
TEST_03249,2
TEST_03250,1
TEST_03251,0
TEST_03252,0
TEST_03253,2
TEST_03254,2
TEST_03255,2
TEST_03256,1
TEST_03257,0
TEST_03258,2
TEST_03259,2
TEST_03260,0
TEST_03261,1
TEST_03262,1
TEST_03263,2
TEST_03264,0
TEST_03265,1
TEST_03266,2
TEST_03267,2
TEST_03268,0
TEST_03269,2
TEST_03270,1
TEST_03271,1
TEST_03272,1
TEST_03273,1
TEST_03274,1
TEST_03275,2
TEST_03276,0
TEST_03277,0
TEST_03278,1
TEST_03279,0
TEST_03280,1
TEST_03281,2
TEST_03282,1
TEST_03283,2
TEST_03284,1
TEST_03285,1
TEST_03286,0
TEST_03287,0
TEST_03288,2
TEST_03289,2
TEST_03290,0
TEST_03291,2
TEST_03292,2
TEST_03293,1
TEST_03294,0
TEST_03295,1
TEST_03296,0
TEST_03297,0
TEST_03298,0
TEST_03299,2
TEST_03300,0
TEST_03301,2
TEST_03302,0
TEST_03303,2
TEST_03304,1
TEST_03305,2
TEST_03306,0
TEST_03307,1
TEST_03308,0
TEST_03309,2
TEST_03310,0
TEST_03311,0
TEST_03312,1
TEST_03313,2
TEST_03314,1
TEST_03315,2
TEST_03316,1
TEST_03317,1
TEST_03318,2
TEST_03319,0
TEST_03320,2
TEST_03321,2
TEST_03322,1
TEST_03323,0
TEST_03324,0
TEST_03325,2
TEST_03326,2
TEST_03327,0
TEST_03328,0
TEST_03329,0
TEST_03330,1
TEST_03331,1
TEST_03332,0
TEST_03333,0
TEST_03334,1
TEST_03335,0
TEST_03336,0
TEST_03337,2
TEST_03338,1
TEST_03339,1
TEST_03340,2
TEST_03341,1
TEST_03342,2
TEST_03343,0
TEST_03344,0
TEST_03345,2
TEST_03346,0
TEST_03347,2
TEST_03348,0
TEST_03349,1
TEST_03350,1
TEST_03351,2
TEST_03352,0
TEST_03353,2
TEST_03354,1
TEST_03355,1
TEST_03356,0
TEST_03357,2
TEST_03358,2
TEST_03359,1
TEST_03360,0
TEST_03361,0
TEST_03362,0
TEST_03363,2
TEST_03364,2
TEST_03365,2
TEST_03366,1
TEST_03367,0
TEST_03368,0
TEST_03369,2
TEST_03370,2
TEST_03371,0
TEST_03372,0
TEST_03373,0
TEST_03374,2
TEST_03375,1
TEST_03376,2
TEST_03377,2
TEST_03378,0
TEST_03379,0
TEST_03380,0
TEST_03381,1
TEST_03382,2
TEST_03383,2
TEST_03384,2
TEST_03385,0
TEST_03386,2
TEST_03387,0
TEST_03388,1
TEST_03389,2
TEST_03390,0
TEST_03391,0
TEST_03392,0
TEST_03393,2
TEST_03394,0
TEST_03395,0
TEST_03396,0
TEST_03397,2
TEST_03398,2
TEST_03399,1
TEST_03400,2
TEST_03401,2
TEST_03402,2
TEST_03403,1
TEST_03404,1
TEST_03405,1
TEST_03406,0
TEST_03407,1
TEST_03408,2
TEST_03409,1
TEST_03410,2
TEST_03411,2
TEST_03412,2
TEST_03413,2
TEST_03414,0
TEST_03415,0
TEST_03416,2
TEST_03417,1
TEST_03418,0
TEST_03419,2
TEST_03420,0
TEST_03421,1
TEST_03422,2
TEST_03423,1
TEST_03424,0
TEST_03425,2
TEST_03426,1
TEST_03427,0
TEST_03428,2
TEST_03429,2
TEST_03430,2
TEST_03431,2
TEST_03432,2
TEST_03433,2
TEST_03434,0
TEST_03435,2
TEST_03436,1
TEST_03437,0
TEST_03438,2
TEST_03439,2
TEST_03440,0
TEST_03441,0
TEST_03442,2
TEST_03443,1
TEST_03444,0
TEST_03445,0
TEST_03446,0
TEST_03447,1
TEST_03448,2
TEST_03449,2
TEST_03450,0
TEST_03451,1
TEST_03452,2
TEST_03453,0
TEST_03454,0
TEST_03455,2
TEST_03456,2
TEST_03457,0
TEST_03458,0
TEST_03459,0
TEST_03460,0
TEST_03461,0
TEST_03462,2
TEST_03463,0
TEST_03464,0
TEST_03465,0
TEST_03466,0
TEST_03467,2
TEST_03468,0
TEST_03469,1
TEST_03470,2
TEST_03471,0
TEST_03472,1
TEST_03473,2
TEST_03474,2
TEST_03475,2
TEST_03476,0
TEST_03477,2
TEST_03478,0
TEST_03479,1
TEST_03480,0
TEST_03481,0
TEST_03482,0
TEST_03483,0
TEST_03484,2
TEST_03485,1
TEST_03486,0
TEST_03487,0
TEST_03488,2
TEST_03489,0
TEST_03490,1
TEST_03491,2
TEST_03492,0
TEST_03493,1
TEST_03494,0
TEST_03495,0
TEST_03496,2
TEST_03497,1
TEST_03498,2
TEST_03499,0
TEST_03500,0
TEST_03501,2
TEST_03502,0
TEST_03503,2
TEST_03504,2
TEST_03505,0
TEST_03506,2
TEST_03507,0
TEST_03508,2
TEST_03509,2
TEST_03510,0
TEST_03511,2
TEST_03512,2
TEST_03513,1
TEST_03514,2
TEST_03515,1
TEST_03516,1
TEST_03517,0
TEST_03518,0
TEST_03519,1
TEST_03520,0
TEST_03521,1
TEST_03522,2
TEST_03523,1
TEST_03524,0
TEST_03525,2
TEST_03526,0
TEST_03527,1
TEST_03528,2
TEST_03529,2
TEST_03530,0
TEST_03531,2
TEST_03532,2
TEST_03533,0
TEST_03534,1
TEST_03535,2
TEST_03536,2
TEST_03537,0
TEST_03538,0
TEST_03539,1
TEST_03540,2
TEST_03541,0
TEST_03542,0
TEST_03543,2
TEST_03544,0
TEST_03545,2
TEST_03546,1
TEST_03547,2
TEST_03548,1
TEST_03549,0
TEST_03550,2
TEST_03551,1
TEST_03552,2
TEST_03553,1
TEST_03554,0
TEST_03555,0
TEST_03556,0
TEST_03557,0
TEST_03558,1
TEST_03559,2
TEST_03560,1
TEST_03561,0
TEST_03562,1
TEST_03563,2
TEST_03564,0
TEST_03565,2
TEST_03566,0
TEST_03567,0
TEST_03568,2
TEST_03569,0
TEST_03570,2
TEST_03571,0
TEST_03572,0
TEST_03573,2
TEST_03574,2
TEST_03575,2
TEST_03576,2
TEST_03577,2
TEST_03578,2
TEST_03579,2
TEST_03580,2
TEST_03581,0
TEST_03582,2
TEST_03583,2
TEST_03584,0
TEST_03585,0
TEST_03586,0
TEST_03587,0
TEST_03588,0
TEST_03589,0
TEST_03590,0
TEST_03591,0
TEST_03592,1
TEST_03593,0
TEST_03594,0
TEST_03595,2
TEST_03596,2
TEST_03597,2
TEST_03598,0
TEST_03599,0
TEST_03600,1
TEST_03601,1
TEST_03602,0
TEST_03603,1
TEST_03604,2
TEST_03605,0
TEST_03606,2
TEST_03607,2
TEST_03608,1
TEST_03609,2
TEST_03610,1
TEST_03611,0
TEST_03612,1
TEST_03613,2
TEST_03614,1
TEST_03615,0
TEST_03616,0
TEST_03617,0
TEST_03618,1
TEST_03619,2
TEST_03620,2
TEST_03621,0
TEST_03622,2
TEST_03623,2
TEST_03624,2
TEST_03625,0
TEST_03626,1
TEST_03627,2
TEST_03628,2
TEST_03629,0
TEST_03630,0
TEST_03631,2
TEST_03632,0
TEST_03633,2
TEST_03634,2
TEST_03635,2
TEST_03636,0
TEST_03637,2
TEST_03638,0
TEST_03639,2
TEST_03640,1
TEST_03641,2
TEST_03642,0
TEST_03643,2
TEST_03644,2
TEST_03645,0
TEST_03646,1
TEST_03647,1
TEST_03648,0
TEST_03649,2
TEST_03650,1
TEST_03651,2
TEST_03652,0
TEST_03653,0
TEST_03654,2
TEST_03655,2
TEST_03656,2
TEST_03657,0
TEST_03658,0
TEST_03659,0
TEST_03660,1
TEST_03661,2
TEST_03662,2
TEST_03663,2
TEST_03664,2
TEST_03665,2
TEST_03666,0
TEST_03667,1
TEST_03668,1
TEST_03669,0
TEST_03670,0
TEST_03671,2
TEST_03672,0
TEST_03673,0
TEST_03674,0
TEST_03675,1
TEST_03676,2
TEST_03677,2
TEST_03678,0
TEST_03679,2
TEST_03680,2
TEST_03681,0
TEST_03682,0
TEST_03683,0
TEST_03684,2
TEST_03685,1
TEST_03686,1
TEST_03687,2
TEST_03688,1
TEST_03689,1
TEST_03690,0
TEST_03691,0
TEST_03692,0
TEST_03693,1
TEST_03694,1
TEST_03695,0
TEST_03696,0
TEST_03697,2
TEST_03698,2
TEST_03699,2
TEST_03700,0
TEST_03701,1
TEST_03702,0
TEST_03703,0
TEST_03704,1
TEST_03705,1
TEST_03706,0
TEST_03707,0
TEST_03708,2
TEST_03709,0
TEST_03710,0
TEST_03711,2
TEST_03712,1
TEST_03713,2
TEST_03714,0
TEST_03715,1
TEST_03716,2
TEST_03717,0
TEST_03718,1
TEST_03719,0
TEST_03720,2
TEST_03721,0
TEST_03722,1
TEST_03723,1
TEST_03724,1
TEST_03725,2
TEST_03726,0
TEST_03727,1
TEST_03728,1
TEST_03729,1
TEST_03730,0
TEST_03731,0
TEST_03732,0
TEST_03733,0
TEST_03734,2
TEST_03735,2
TEST_03736,2
TEST_03737,1
TEST_03738,2
TEST_03739,2
TEST_03740,2
TEST_03741,0
TEST_03742,2
TEST_03743,1
TEST_03744,1
TEST_03745,2
TEST_03746,2
TEST_03747,2
TEST_03748,0
TEST_03749,0
TEST_03750,0
TEST_03751,1
TEST_03752,1
TEST_03753,2
TEST_03754,2
TEST_03755,0
TEST_03756,0
TEST_03757,1
TEST_03758,0
TEST_03759,2
TEST_03760,1
TEST_03761,2
TEST_03762,0
TEST_03763,2
TEST_03764,2
TEST_03765,1
TEST_03766,0
TEST_03767,0
TEST_03768,0
TEST_03769,2
TEST_03770,1
TEST_03771,0
TEST_03772,0
TEST_03773,2
TEST_03774,0
TEST_03775,0
TEST_03776,1
TEST_03777,2
TEST_03778,0
TEST_03779,0
TEST_03780,2
TEST_03781,0
TEST_03782,0
TEST_03783,1
TEST_03784,2
TEST_03785,1
TEST_03786,2
TEST_03787,0
TEST_03788,2
TEST_03789,2
TEST_03790,1
TEST_03791,0
TEST_03792,0
TEST_03793,0
TEST_03794,1
TEST_03795,0
TEST_03796,2
TEST_03797,2
TEST_03798,2
TEST_03799,0
TEST_03800,2
TEST_03801,0
TEST_03802,2
TEST_03803,0
TEST_03804,2
TEST_03805,0
TEST_03806,0
TEST_03807,2
TEST_03808,2
TEST_03809,2
TEST_03810,1
TEST_03811,1
TEST_03812,2
TEST_03813,0
TEST_03814,0
TEST_03815,0
TEST_03816,1
TEST_03817,0
TEST_03818,1
TEST_03819,1
TEST_03820,2
TEST_03821,2
TEST_03822,0
TEST_03823,0
TEST_03824,0
TEST_03825,1
TEST_03826,0
TEST_03827,1
TEST_03828,2
TEST_03829,0
TEST_03830,0
TEST_03831,2
TEST_03832,0
TEST_03833,1
TEST_03834,1
TEST_03835,1
TEST_03836,2
TEST_03837,2
TEST_03838,0
TEST_03839,2
TEST_03840,1
TEST_03841,2
TEST_03842,1
TEST_03843,2
TEST_03844,2
TEST_03845,2
TEST_03846,2
TEST_03847,2
TEST_03848,0
TEST_03849,0
TEST_03850,2
TEST_03851,2
TEST_03852,2
TEST_03853,2
TEST_03854,2
TEST_03855,0
TEST_03856,0
TEST_03857,2
TEST_03858,0
TEST_03859,0
TEST_03860,2
TEST_03861,1
TEST_03862,2
TEST_03863,0
TEST_03864,1
TEST_03865,0
TEST_03866,0
TEST_03867,0
TEST_03868,2
TEST_03869,2
TEST_03870,2
TEST_03871,2
TEST_03872,1
TEST_03873,1
TEST_03874,1
TEST_03875,0
TEST_03876,2
TEST_03877,2
TEST_03878,1
TEST_03879,2
TEST_03880,2
TEST_03881,0
TEST_03882,2
TEST_03883,1
TEST_03884,1
TEST_03885,1
TEST_03886,2
TEST_03887,2
TEST_03888,0
TEST_03889,1
TEST_03890,2
TEST_03891,2
TEST_03892,2
TEST_03893,1
TEST_03894,2
TEST_03895,1
TEST_03896,2
TEST_03897,2
TEST_03898,2
TEST_03899,2
TEST_03900,0
TEST_03901,2
TEST_03902,1
TEST_03903,2
TEST_03904,2
TEST_03905,1
TEST_03906,0
TEST_03907,0
TEST_03908,2
TEST_03909,1
TEST_03910,0
TEST_03911,2
TEST_03912,0
TEST_03913,2
TEST_03914,0
TEST_03915,2
TEST_03916,2
TEST_03917,2
TEST_03918,0
TEST_03919,2
TEST_03920,0
TEST_03921,2
TEST_03922,1
TEST_03923,2
TEST_03924,2
TEST_03925,2
TEST_03926,2
TEST_03927,2
TEST_03928,2
TEST_03929,2
TEST_03930,2
TEST_03931,1
TEST_03932,1
TEST_03933,1
TEST_03934,2
TEST_03935,0
TEST_03936,1
TEST_03937,0
TEST_03938,2
TEST_03939,1
TEST_03940,2
TEST_03941,0
TEST_03942,0
TEST_03943,0
TEST_03944,1
TEST_03945,0
TEST_03946,0
TEST_03947,0
TEST_03948,2
TEST_03949,1
TEST_03950,0
TEST_03951,2
TEST_03952,1
TEST_03953,2
TEST_03954,2
TEST_03955,0
TEST_03956,1
TEST_03957,2
TEST_03958,2
TEST_03959,0
TEST_03960,2
TEST_03961,0
TEST_03962,2
TEST_03963,2
TEST_03964,1
TEST_03965,2
TEST_03966,2
TEST_03967,0
TEST_03968,2
TEST_03969,2
TEST_03970,1
TEST_03971,2
TEST_03972,1
TEST_03973,1
TEST_03974,2
TEST_03975,2
TEST_03976,1
TEST_03977,0
TEST_03978,0
TEST_03979,0
TEST_03980,1
TEST_03981,2
TEST_03982,1
TEST_03983,1
TEST_03984,1
TEST_03985,2
TEST_03986,0
TEST_03987,0
TEST_03988,2
TEST_03989,0
TEST_03990,0
TEST_03991,0
TEST_03992,2
TEST_03993,0
TEST_03994,2
TEST_03995,0
TEST_03996,1
TEST_03997,0
TEST_03998,0
TEST_03999,0
TEST_04000,2
TEST_04001,2
TEST_04002,0
TEST_04003,2
TEST_04004,2
TEST_04005,1
TEST_04006,1
TEST_04007,1
TEST_04008,1
TEST_04009,2
TEST_04010,2
TEST_04011,0
TEST_04012,2
TEST_04013,0
TEST_04014,0
TEST_04015,0
TEST_04016,0
TEST_04017,0
TEST_04018,2
TEST_04019,1
TEST_04020,2
TEST_04021,2
TEST_04022,0
TEST_04023,2
TEST_04024,0
TEST_04025,1
TEST_04026,2
TEST_04027,0
TEST_04028,0
TEST_04029,0
TEST_04030,2
TEST_04031,2
TEST_04032,0
TEST_04033,2
TEST_04034,0
TEST_04035,2
TEST_04036,2
TEST_04037,2
TEST_04038,0
TEST_04039,1
TEST_04040,0
TEST_04041,0
TEST_04042,2
TEST_04043,0
TEST_04044,2
TEST_04045,1
TEST_04046,0
TEST_04047,0
TEST_04048,1
TEST_04049,2
TEST_04050,2
TEST_04051,1
TEST_04052,1
TEST_04053,0
TEST_04054,2
TEST_04055,0
TEST_04056,2
TEST_04057,0
TEST_04058,1
TEST_04059,1
TEST_04060,2
TEST_04061,1
TEST_04062,1
TEST_04063,0
TEST_04064,2
TEST_04065,2
TEST_04066,2
TEST_04067,0
TEST_04068,2
TEST_04069,1
TEST_04070,1
TEST_04071,2
TEST_04072,2
TEST_04073,0
TEST_04074,1
TEST_04075,2
TEST_04076,2
TEST_04077,0
TEST_04078,2
TEST_04079,0
TEST_04080,0
TEST_04081,1
TEST_04082,0
TEST_04083,1
TEST_04084,0
TEST_04085,1
TEST_04086,0
TEST_04087,0
TEST_04088,1
TEST_04089,1
TEST_04090,1
TEST_04091,1
TEST_04092,2
TEST_04093,0
TEST_04094,2
TEST_04095,2
TEST_04096,1
TEST_04097,1
TEST_04098,2
TEST_04099,2
TEST_04100,1
TEST_04101,1
TEST_04102,0
TEST_04103,2
TEST_04104,1
TEST_04105,0
TEST_04106,0
TEST_04107,1
TEST_04108,1
TEST_04109,2
TEST_04110,0
TEST_04111,0
TEST_04112,0
TEST_04113,2
TEST_04114,2
TEST_04115,0
TEST_04116,0
TEST_04117,2
TEST_04118,2
TEST_04119,2
TEST_04120,0
TEST_04121,0
TEST_04122,1
TEST_04123,2
TEST_04124,1
TEST_04125,2
TEST_04126,1
TEST_04127,0
TEST_04128,2
TEST_04129,2
TEST_04130,2
TEST_04131,2
TEST_04132,2
TEST_04133,0
TEST_04134,2
TEST_04135,1
TEST_04136,2
TEST_04137,0
TEST_04138,1
TEST_04139,1
TEST_04140,0
TEST_04141,1
TEST_04142,1
TEST_04143,1
TEST_04144,2
TEST_04145,1
TEST_04146,2
TEST_04147,2
TEST_04148,2
TEST_04149,2
TEST_04150,1
TEST_04151,0
TEST_04152,1
TEST_04153,2
TEST_04154,2
TEST_04155,2
TEST_04156,0
TEST_04157,2
TEST_04158,2
TEST_04159,0
TEST_04160,2
TEST_04161,1
TEST_04162,1
TEST_04163,2
TEST_04164,1
TEST_04165,0
TEST_04166,2
TEST_04167,0
TEST_04168,0
TEST_04169,2
TEST_04170,0
TEST_04171,0
TEST_04172,1
TEST_04173,0
TEST_04174,2
TEST_04175,2
TEST_04176,2
TEST_04177,2
TEST_04178,1
TEST_04179,1
TEST_04180,1
TEST_04181,2
TEST_04182,2
TEST_04183,2
TEST_04184,2
TEST_04185,2
TEST_04186,1
TEST_04187,1
TEST_04188,0
TEST_04189,2
TEST_04190,1
TEST_04191,0
TEST_04192,0
TEST_04193,2
TEST_04194,2
TEST_04195,1
TEST_04196,2
TEST_04197,0
TEST_04198,2
TEST_04199,2
TEST_04200,0
TEST_04201,2
TEST_04202,2
TEST_04203,0
TEST_04204,1
TEST_04205,1
TEST_04206,0
TEST_04207,2
TEST_04208,2
TEST_04209,0
TEST_04210,1
TEST_04211,0
TEST_04212,2
TEST_04213,1
TEST_04214,0
TEST_04215,1
TEST_04216,0
TEST_04217,1
TEST_04218,1
TEST_04219,0
TEST_04220,1
TEST_04221,0
TEST_04222,2
TEST_04223,2
TEST_04224,2
TEST_04225,2
TEST_04226,2
TEST_04227,0
TEST_04228,0
TEST_04229,0
TEST_04230,1
TEST_04231,0
TEST_04232,2
TEST_04233,2
TEST_04234,2
TEST_04235,2
TEST_04236,2
TEST_04237,2
TEST_04238,0
TEST_04239,1
TEST_04240,0
TEST_04241,1
TEST_04242,2
TEST_04243,2
TEST_04244,0
TEST_04245,2
TEST_04246,0
TEST_04247,0
TEST_04248,2
TEST_04249,1
TEST_04250,2
TEST_04251,2
TEST_04252,1
TEST_04253,0
TEST_04254,0
TEST_04255,2
TEST_04256,0
TEST_04257,2
TEST_04258,2
TEST_04259,2
TEST_04260,1
TEST_04261,0
TEST_04262,2
TEST_04263,0
TEST_04264,0
TEST_04265,1
TEST_04266,2
TEST_04267,1
TEST_04268,0
TEST_04269,1
TEST_04270,2
TEST_04271,0
TEST_04272,1
TEST_04273,2
TEST_04274,1
TEST_04275,0
TEST_04276,2
TEST_04277,0
TEST_04278,0
TEST_04279,2
TEST_04280,0
TEST_04281,1
TEST_04282,2
TEST_04283,2
TEST_04284,0
TEST_04285,0
TEST_04286,0
TEST_04287,0
TEST_04288,1
TEST_04289,0
TEST_04290,2
TEST_04291,2
TEST_04292,2
TEST_04293,2
TEST_04294,0
TEST_04295,0
TEST_04296,2
TEST_04297,1
TEST_04298,0
TEST_04299,2
TEST_04300,0
TEST_04301,0
TEST_04302,2
TEST_04303,2
TEST_04304,2
TEST_04305,1
TEST_04306,0
TEST_04307,2
TEST_04308,2
TEST_04309,2
TEST_04310,1
TEST_04311,0
TEST_04312,0
TEST_04313,2
TEST_04314,0
TEST_04315,2
TEST_04316,2
TEST_04317,0
TEST_04318,1
TEST_04319,2
TEST_04320,1
TEST_04321,2
TEST_04322,2
TEST_04323,1
TEST_04324,2
TEST_04325,2
TEST_04326,0
TEST_04327,2
TEST_04328,2
TEST_04329,2
TEST_04330,0
TEST_04331,0
TEST_04332,2
TEST_04333,2
TEST_04334,0
TEST_04335,2
TEST_04336,0
TEST_04337,1
TEST_04338,2
TEST_04339,0
TEST_04340,2
TEST_04341,2
TEST_04342,0
TEST_04343,1
TEST_04344,2
TEST_04345,1
TEST_04346,2
TEST_04347,0
TEST_04348,2
TEST_04349,1
TEST_04350,2
TEST_04351,0
TEST_04352,2
TEST_04353,0
TEST_04354,0
TEST_04355,1
TEST_04356,0
TEST_04357,0
TEST_04358,2
TEST_04359,1
TEST_04360,1
TEST_04361,0
TEST_04362,1
TEST_04363,2
TEST_04364,0
TEST_04365,0
TEST_04366,1
TEST_04367,2
TEST_04368,2
TEST_04369,2
TEST_04370,0
TEST_04371,2
TEST_04372,2
TEST_04373,0
TEST_04374,2
TEST_04375,1
TEST_04376,1
TEST_04377,0
TEST_04378,2
TEST_04379,2
TEST_04380,0
TEST_04381,1
TEST_04382,2
TEST_04383,2
TEST_04384,1
TEST_04385,0
TEST_04386,2
TEST_04387,0
TEST_04388,2
TEST_04389,1
TEST_04390,2
TEST_04391,0
TEST_04392,1
TEST_04393,0
TEST_04394,2
TEST_04395,2
TEST_04396,0
TEST_04397,2
TEST_04398,0
TEST_04399,2
TEST_04400,2
TEST_04401,2
TEST_04402,0
TEST_04403,1
TEST_04404,2
TEST_04405,1
TEST_04406,0
TEST_04407,1
TEST_04408,1
TEST_04409,2
TEST_04410,2
TEST_04411,0
TEST_04412,2
TEST_04413,0
TEST_04414,2
TEST_04415,0
TEST_04416,2
TEST_04417,2
TEST_04418,2
TEST_04419,0
TEST_04420,2
TEST_04421,1
TEST_04422,2
TEST_04423,0
TEST_04424,2
TEST_04425,2
TEST_04426,2
TEST_04427,2
TEST_04428,2
TEST_04429,0
TEST_04430,2
TEST_04431,0
TEST_04432,0
TEST_04433,0
TEST_04434,2
TEST_04435,1
TEST_04436,2
TEST_04437,0
TEST_04438,2
TEST_04439,2
TEST_04440,0
TEST_04441,0
TEST_04442,0
TEST_04443,2
TEST_04444,1
TEST_04445,0
TEST_04446,1
TEST_04447,2
TEST_04448,2
TEST_04449,2
TEST_04450,0
TEST_04451,0
TEST_04452,0
TEST_04453,2
TEST_04454,1
TEST_04455,2
TEST_04456,1
TEST_04457,2
TEST_04458,1
TEST_04459,0
TEST_04460,0
TEST_04461,2
TEST_04462,0
TEST_04463,2
TEST_04464,0
TEST_04465,1
TEST_04466,2
TEST_04467,2
TEST_04468,1
TEST_04469,0
TEST_04470,2
TEST_04471,2
TEST_04472,2
TEST_04473,0
TEST_04474,1
TEST_04475,2
TEST_04476,2
TEST_04477,0
TEST_04478,1
TEST_04479,2
TEST_04480,2
TEST_04481,0
TEST_04482,2
TEST_04483,2
TEST_04484,2
TEST_04485,1
TEST_04486,2
TEST_04487,2
TEST_04488,0
TEST_04489,2
TEST_04490,1
TEST_04491,2
TEST_04492,0
TEST_04493,0
TEST_04494,2
TEST_04495,2
TEST_04496,1
TEST_04497,2
TEST_04498,2
TEST_04499,0
TEST_04500,1
TEST_04501,0
TEST_04502,1
TEST_04503,2
TEST_04504,0
TEST_04505,1
TEST_04506,2
TEST_04507,0
TEST_04508,1
TEST_04509,0
TEST_04510,2
TEST_04511,0
TEST_04512,0
TEST_04513,0
TEST_04514,0
TEST_04515,1
TEST_04516,1
TEST_04517,2
TEST_04518,2
TEST_04519,0
TEST_04520,2
TEST_04521,2
TEST_04522,2
TEST_04523,2
TEST_04524,2
TEST_04525,0
TEST_04526,0
TEST_04527,0
TEST_04528,0
TEST_04529,0
TEST_04530,0
TEST_04531,2
TEST_04532,1
TEST_04533,2
TEST_04534,0
TEST_04535,0
TEST_04536,1
TEST_04537,0
TEST_04538,1
TEST_04539,0
TEST_04540,1
TEST_04541,0
TEST_04542,1
TEST_04543,0
TEST_04544,2
TEST_04545,2
TEST_04546,2
TEST_04547,1
TEST_04548,2
TEST_04549,2
TEST_04550,0
TEST_04551,2
TEST_04552,1
TEST_04553,1
TEST_04554,0
TEST_04555,2
TEST_04556,2
TEST_04557,2
TEST_04558,2
TEST_04559,2
TEST_04560,1
TEST_04561,1
TEST_04562,2
TEST_04563,2
TEST_04564,1
TEST_04565,0
TEST_04566,0
TEST_04567,2
TEST_04568,2
TEST_04569,2
TEST_04570,2
TEST_04571,2
TEST_04572,0
TEST_04573,2
TEST_04574,1
TEST_04575,0
TEST_04576,1
TEST_04577,2
TEST_04578,2
TEST_04579,1
TEST_04580,2
TEST_04581,2
TEST_04582,1
TEST_04583,1
TEST_04584,1
TEST_04585,2
TEST_04586,0
TEST_04587,0
TEST_04588,0
TEST_04589,0
TEST_04590,2
TEST_04591,2
TEST_04592,1
TEST_04593,0
TEST_04594,2
TEST_04595,2
TEST_04596,2
TEST_04597,2
TEST_04598,1
TEST_04599,2
TEST_04600,2
TEST_04601,1
TEST_04602,2
TEST_04603,2
TEST_04604,1
TEST_04605,1
TEST_04606,0
TEST_04607,1
TEST_04608,2
TEST_04609,2
TEST_04610,0
TEST_04611,2
TEST_04612,2
TEST_04613,2
TEST_04614,1
TEST_04615,2
TEST_04616,0
TEST_04617,2
TEST_04618,1
TEST_04619,1
TEST_04620,2
TEST_04621,2
TEST_04622,1
TEST_04623,1
TEST_04624,2
TEST_04625,0
TEST_04626,2
TEST_04627,1
TEST_04628,2
TEST_04629,0
TEST_04630,2
TEST_04631,1
TEST_04632,2
TEST_04633,0
TEST_04634,1
TEST_04635,2
TEST_04636,2
TEST_04637,2
TEST_04638,0
TEST_04639,0
TEST_04640,0
TEST_04641,2
TEST_04642,0
TEST_04643,2
TEST_04644,1
TEST_04645,0
TEST_04646,0
TEST_04647,1
TEST_04648,0
TEST_04649,2
TEST_04650,2
TEST_04651,0
TEST_04652,2
TEST_04653,1
TEST_04654,2
TEST_04655,0
TEST_04656,0
TEST_04657,0
TEST_04658,1
TEST_04659,1
TEST_04660,0
TEST_04661,0
TEST_04662,2
TEST_04663,2
TEST_04664,2
TEST_04665,0
TEST_04666,1
TEST_04667,2
TEST_04668,2
TEST_04669,1
TEST_04670,0
TEST_04671,0
TEST_04672,0
TEST_04673,2
TEST_04674,0
TEST_04675,2
TEST_04676,1
TEST_04677,0
TEST_04678,2
TEST_04679,0
TEST_04680,0
TEST_04681,1
TEST_04682,1
TEST_04683,0
TEST_04684,1
TEST_04685,2
TEST_04686,2
TEST_04687,2
TEST_04688,0
TEST_04689,0
TEST_04690,2
TEST_04691,2
TEST_04692,2
TEST_04693,1
TEST_04694,2
TEST_04695,2
TEST_04696,0
TEST_04697,2
TEST_04698,2
TEST_04699,0
TEST_04700,0
TEST_04701,0
TEST_04702,2
TEST_04703,1
TEST_04704,0
TEST_04705,1
TEST_04706,2
TEST_04707,0
TEST_04708,2
TEST_04709,0
TEST_04710,2
TEST_04711,2
TEST_04712,2
TEST_04713,2
TEST_04714,1
TEST_04715,0
TEST_04716,0
TEST_04717,2
TEST_04718,2
TEST_04719,0
TEST_04720,2
TEST_04721,0
TEST_04722,2
TEST_04723,2
TEST_04724,0
TEST_04725,0
TEST_04726,1
TEST_04727,2
TEST_04728,0
TEST_04729,1
TEST_04730,2
TEST_04731,1
TEST_04732,2
TEST_04733,0
TEST_04734,0
TEST_04735,0
TEST_04736,2
TEST_04737,2
TEST_04738,1
TEST_04739,0
TEST_04740,0
TEST_04741,1
TEST_04742,1
TEST_04743,1
TEST_04744,1
TEST_04745,2
TEST_04746,2
TEST_04747,1
TEST_04748,0
TEST_04749,1
TEST_04750,0
TEST_04751,1
TEST_04752,0
TEST_04753,0
TEST_04754,2
TEST_04755,0
TEST_04756,1
TEST_04757,2
TEST_04758,0
TEST_04759,0
TEST_04760,1
TEST_04761,2
TEST_04762,1
TEST_04763,2
TEST_04764,0
TEST_04765,2
TEST_04766,2
TEST_04767,1
TEST_04768,0
TEST_04769,1
TEST_04770,0
TEST_04771,2
TEST_04772,0
TEST_04773,1
TEST_04774,2
TEST_04775,0
TEST_04776,1
TEST_04777,2
TEST_04778,0
TEST_04779,0
TEST_04780,0
TEST_04781,0
TEST_04782,1
TEST_04783,2
TEST_04784,2
TEST_04785,1
TEST_04786,0
TEST_04787,2
TEST_04788,2
TEST_04789,2
TEST_04790,0
TEST_04791,2
TEST_04792,0
TEST_04793,2
TEST_04794,2
TEST_04795,0
TEST_04796,1
TEST_04797,0
TEST_04798,2
TEST_04799,0
TEST_04800,2
TEST_04801,0
TEST_04802,2
TEST_04803,0
TEST_04804,1
TEST_04805,1
TEST_04806,2
TEST_04807,1
TEST_04808,1
TEST_04809,0
TEST_04810,2
TEST_04811,0
TEST_04812,1
TEST_04813,2
TEST_04814,2
TEST_04815,2
TEST_04816,1
TEST_04817,1
TEST_04818,1
TEST_04819,1
TEST_04820,2
TEST_04821,2
TEST_04822,0
TEST_04823,1
TEST_04824,0
TEST_04825,1
TEST_04826,0
TEST_04827,2
TEST_04828,0
TEST_04829,2
TEST_04830,2
TEST_04831,2
TEST_04832,2
TEST_04833,0
TEST_04834,1
TEST_04835,0
TEST_04836,2
TEST_04837,0
TEST_04838,2
TEST_04839,2
TEST_04840,2
TEST_04841,2
TEST_04842,0
TEST_04843,2
TEST_04844,1
TEST_04845,0
TEST_04846,1
TEST_04847,0
TEST_04848,1
TEST_04849,2
TEST_04850,1
TEST_04851,2
TEST_04852,1
TEST_04853,0
TEST_04854,1
TEST_04855,1
TEST_04856,2
TEST_04857,0
TEST_04858,0
TEST_04859,2
TEST_04860,0
TEST_04861,0
TEST_04862,0
TEST_04863,0
TEST_04864,0
TEST_04865,1
TEST_04866,0
TEST_04867,0
TEST_04868,1
TEST_04869,2
TEST_04870,2
TEST_04871,0
TEST_04872,0
TEST_04873,2
TEST_04874,2
TEST_04875,0
TEST_04876,2
TEST_04877,1
TEST_04878,1
TEST_04879,0
TEST_04880,0
TEST_04881,0
TEST_04882,0
TEST_04883,2
TEST_04884,0
TEST_04885,2
TEST_04886,2
TEST_04887,0
TEST_04888,0
TEST_04889,2
TEST_04890,0
TEST_04891,2
TEST_04892,0
TEST_04893,0
TEST_04894,0
TEST_04895,0
TEST_04896,0
TEST_04897,0
TEST_04898,2
TEST_04899,2
TEST_04900,0
TEST_04901,0
TEST_04902,1
TEST_04903,2
TEST_04904,0
TEST_04905,1
TEST_04906,2
TEST_04907,0
TEST_04908,2
TEST_04909,0
TEST_04910,2
TEST_04911,0
TEST_04912,1
TEST_04913,2
TEST_04914,2
TEST_04915,1
TEST_04916,0
TEST_04917,1
TEST_04918,2
TEST_04919,0
TEST_04920,0
TEST_04921,1
TEST_04922,0
TEST_04923,0
TEST_04924,2
TEST_04925,2
TEST_04926,1
TEST_04927,0
TEST_04928,0
TEST_04929,0
TEST_04930,2
TEST_04931,2
TEST_04932,2
TEST_04933,2
TEST_04934,2
TEST_04935,0
TEST_04936,1
TEST_04937,2
TEST_04938,0
TEST_04939,0
TEST_04940,0
TEST_04941,2
TEST_04942,1
TEST_04943,2
TEST_04944,2
TEST_04945,2
TEST_04946,2
TEST_04947,2
TEST_04948,1
TEST_04949,0
TEST_04950,0
TEST_04951,2
TEST_04952,1
TEST_04953,2
TEST_04954,1
TEST_04955,2
TEST_04956,1
TEST_04957,2
TEST_04958,2
TEST_04959,2
TEST_04960,1
TEST_04961,1
TEST_04962,1
TEST_04963,2
TEST_04964,0
TEST_04965,0
TEST_04966,2
TEST_04967,2
TEST_04968,2
TEST_04969,0
TEST_04970,2
TEST_04971,1
TEST_04972,2
TEST_04973,2
TEST_04974,1
TEST_04975,0
TEST_04976,2
TEST_04977,0
TEST_04978,2
TEST_04979,2
TEST_04980,1
TEST_04981,0
TEST_04982,0
TEST_04983,0
TEST_04984,2
TEST_04985,2
TEST_04986,2
TEST_04987,2
TEST_04988,1
TEST_04989,2
TEST_04990,2
TEST_04991,2
TEST_04992,2
TEST_04993,2
TEST_04994,2
TEST_04995,2
TEST_04996,1
TEST_04997,1
TEST_04998,2
TEST_04999,1
TEST_05000,0
TEST_05001,1
TEST_05002,0
TEST_05003,2
TEST_05004,2
TEST_05005,2
TEST_05006,1
TEST_05007,2
TEST_05008,1
TEST_05009,2
TEST_05010,2
TEST_05011,0
TEST_05012,1
TEST_05013,1
TEST_05014,0
TEST_05015,0
TEST_05016,0
TEST_05017,1
TEST_05018,2
TEST_05019,0
TEST_05020,1
TEST_05021,2
TEST_05022,0
TEST_05023,2
TEST_05024,2
TEST_05025,1
TEST_05026,0
TEST_05027,1
TEST_05028,1
TEST_05029,0
TEST_05030,2
TEST_05031,0
TEST_05032,1
TEST_05033,2
TEST_05034,2
TEST_05035,0
TEST_05036,2
TEST_05037,2
TEST_05038,2
TEST_05039,2
TEST_05040,1
TEST_05041,0
TEST_05042,2
TEST_05043,0
TEST_05044,2
TEST_05045,0
TEST_05046,1
TEST_05047,2
TEST_05048,2
TEST_05049,0
TEST_05050,0
TEST_05051,1
TEST_05052,0
TEST_05053,2
TEST_05054,2
TEST_05055,2
TEST_05056,2
TEST_05057,2
TEST_05058,2
TEST_05059,2
TEST_05060,0
TEST_05061,2
TEST_05062,2
TEST_05063,2
TEST_05064,0
TEST_05065,2
TEST_05066,0
TEST_05067,1
TEST_05068,0
TEST_05069,2
TEST_05070,0
TEST_05071,1
TEST_05072,0
TEST_05073,0
TEST_05074,0
TEST_05075,2
TEST_05076,2
TEST_05077,2
TEST_05078,1
TEST_05079,2
TEST_05080,0
TEST_05081,2
TEST_05082,0
TEST_05083,1
TEST_05084,2
TEST_05085,0
TEST_05086,2
TEST_05087,2
TEST_05088,0
TEST_05089,2
TEST_05090,1
TEST_05091,0
TEST_05092,2
TEST_05093,2
TEST_05094,0
TEST_05095,1
TEST_05096,2
TEST_05097,2
TEST_05098,1
TEST_05099,0
TEST_05100,0
TEST_05101,2
TEST_05102,0
TEST_05103,0
TEST_05104,2
TEST_05105,0
TEST_05106,0
TEST_05107,1
TEST_05108,0
TEST_05109,1
TEST_05110,2
TEST_05111,0
TEST_05112,0
TEST_05113,0
TEST_05114,2
TEST_05115,1
TEST_05116,2
TEST_05117,2
TEST_05118,2
TEST_05119,2
TEST_05120,2
TEST_05121,0
TEST_05122,0
TEST_05123,1
TEST_05124,1
TEST_05125,0
TEST_05126,2
TEST_05127,2
TEST_05128,1
TEST_05129,0
TEST_05130,2
TEST_05131,0
TEST_05132,2
TEST_05133,0
TEST_05134,1
TEST_05135,0
TEST_05136,2
TEST_05137,0
TEST_05138,0
TEST_05139,1
TEST_05140,2
TEST_05141,2
TEST_05142,1
TEST_05143,2
TEST_05144,2
TEST_05145,1
TEST_05146,1
TEST_05147,2
TEST_05148,1
TEST_05149,0
TEST_05150,0
TEST_05151,1
TEST_05152,0
TEST_05153,1
TEST_05154,1
TEST_05155,0
TEST_05156,2
TEST_05157,2
TEST_05158,2
TEST_05159,1
TEST_05160,0
TEST_05161,0
TEST_05162,2
TEST_05163,2
TEST_05164,1
TEST_05165,2
TEST_05166,0
TEST_05167,2
TEST_05168,2
TEST_05169,1
TEST_05170,2
TEST_05171,2
TEST_05172,2
TEST_05173,1
TEST_05174,0
TEST_05175,0
TEST_05176,1
TEST_05177,2
TEST_05178,1
TEST_05179,1
TEST_05180,1
TEST_05181,2
TEST_05182,2
TEST_05183,2
TEST_05184,0
TEST_05185,2
TEST_05186,2
TEST_05187,0
TEST_05188,0
TEST_05189,2
TEST_05190,0
TEST_05191,0
TEST_05192,1
TEST_05193,2
TEST_05194,1
TEST_05195,1
TEST_05196,2
TEST_05197,1
TEST_05198,2
TEST_05199,2
TEST_05200,0
TEST_05201,0
TEST_05202,1
TEST_05203,0
TEST_05204,0
TEST_05205,0
TEST_05206,2
TEST_05207,0
TEST_05208,2
TEST_05209,0
TEST_05210,2
TEST_05211,2
TEST_05212,2
TEST_05213,0
TEST_05214,1
TEST_05215,0
TEST_05216,2
TEST_05217,2
TEST_05218,1
TEST_05219,2
TEST_05220,2
TEST_05221,0
TEST_05222,0
TEST_05223,2
TEST_05224,0
TEST_05225,0
TEST_05226,0
TEST_05227,0
TEST_05228,0
TEST_05229,0
TEST_05230,2
TEST_05231,0
TEST_05232,0
TEST_05233,1
TEST_05234,2
TEST_05235,2
TEST_05236,2
TEST_05237,2
TEST_05238,2
TEST_05239,0
TEST_05240,0
TEST_05241,0
TEST_05242,0
TEST_05243,1
TEST_05244,0
TEST_05245,1
TEST_05246,2
TEST_05247,2
TEST_05248,0
TEST_05249,0
TEST_05250,2
TEST_05251,2
TEST_05252,2
TEST_05253,0
TEST_05254,1
TEST_05255,2
TEST_05256,1
TEST_05257,1
TEST_05258,0
TEST_05259,2
TEST_05260,2
TEST_05261,2
TEST_05262,1
TEST_05263,1
TEST_05264,1
TEST_05265,0
TEST_05266,2
TEST_05267,2
TEST_05268,2
TEST_05269,0
TEST_05270,0
TEST_05271,0
TEST_05272,2
TEST_05273,1
TEST_05274,2
TEST_05275,1
TEST_05276,2
TEST_05277,0
TEST_05278,2
TEST_05279,2
TEST_05280,0
TEST_05281,0
TEST_05282,0
TEST_05283,2
TEST_05284,0
TEST_05285,2
TEST_05286,1
TEST_05287,2
TEST_05288,0
TEST_05289,2
TEST_05290,1
TEST_05291,0
TEST_05292,1
TEST_05293,0
TEST_05294,2
TEST_05295,0
TEST_05296,0
TEST_05297,2
TEST_05298,0
TEST_05299,0
TEST_05300,2
TEST_05301,2
TEST_05302,2
TEST_05303,0
TEST_05304,0
TEST_05305,2
TEST_05306,0
TEST_05307,1
TEST_05308,2
TEST_05309,2
TEST_05310,0
TEST_05311,2
TEST_05312,2
TEST_05313,0
TEST_05314,0
TEST_05315,2
TEST_05316,1
TEST_05317,1
TEST_05318,1
TEST_05319,2
TEST_05320,1
TEST_05321,2
TEST_05322,1
TEST_05323,0
TEST_05324,2
TEST_05325,1
TEST_05326,1
TEST_05327,2
TEST_05328,2
TEST_05329,0
TEST_05330,1
TEST_05331,2
TEST_05332,2
TEST_05333,2
TEST_05334,2
TEST_05335,1
TEST_05336,0
TEST_05337,0
TEST_05338,2
TEST_05339,1
TEST_05340,0
TEST_05341,2
TEST_05342,1
TEST_05343,0
TEST_05344,2
TEST_05345,2
TEST_05346,2
TEST_05347,1
TEST_05348,2
TEST_05349,0
TEST_05350,1
TEST_05351,0
TEST_05352,0
TEST_05353,2
TEST_05354,0
TEST_05355,0
TEST_05356,2
TEST_05357,2
TEST_05358,0
TEST_05359,0
TEST_05360,0
TEST_05361,1
TEST_05362,0
TEST_05363,2
TEST_05364,0
TEST_05365,1
TEST_05366,0
TEST_05367,1
TEST_05368,2
TEST_05369,2
TEST_05370,2
TEST_05371,1
TEST_05372,1
TEST_05373,1
TEST_05374,1
TEST_05375,0
TEST_05376,1
TEST_05377,0
TEST_05378,2
TEST_05379,2
TEST_05380,1
TEST_05381,2
TEST_05382,0
TEST_05383,2
TEST_05384,1
TEST_05385,0
TEST_05386,2
TEST_05387,2
TEST_05388,2
TEST_05389,1
TEST_05390,2
TEST_05391,0
TEST_05392,0
TEST_05393,2
TEST_05394,2
TEST_05395,1
TEST_05396,0
TEST_05397,2
TEST_05398,2
TEST_05399,2
TEST_05400,0
TEST_05401,2
TEST_05402,2
TEST_05403,2
TEST_05404,2
TEST_05405,0
TEST_05406,1
TEST_05407,1
TEST_05408,2
TEST_05409,2
TEST_05410,2
TEST_05411,2
TEST_05412,2
TEST_05413,2
TEST_05414,2
TEST_05415,2
TEST_05416,2
TEST_05417,0
TEST_05418,2
TEST_05419,1
TEST_05420,2
TEST_05421,1
TEST_05422,1
TEST_05423,1
TEST_05424,0
TEST_05425,2
TEST_05426,1
TEST_05427,0
TEST_05428,1
TEST_05429,2
TEST_05430,2
TEST_05431,1
TEST_05432,1
TEST_05433,2
TEST_05434,2
TEST_05435,2
TEST_05436,0
TEST_05437,2
TEST_05438,2
TEST_05439,0
TEST_05440,0
TEST_05441,0
TEST_05442,1
TEST_05443,0
TEST_05444,2
TEST_05445,1
TEST_05446,1
TEST_05447,2
TEST_05448,2
TEST_05449,1
TEST_05450,2
TEST_05451,0
TEST_05452,0
TEST_05453,2
TEST_05454,0
TEST_05455,1
TEST_05456,2
TEST_05457,0
TEST_05458,2
TEST_05459,0
TEST_05460,0
TEST_05461,1
TEST_05462,0
TEST_05463,2
TEST_05464,2
TEST_05465,2
TEST_05466,2
TEST_05467,0
TEST_05468,0
TEST_05469,2
TEST_05470,2
TEST_05471,2
TEST_05472,2
TEST_05473,2
TEST_05474,1
TEST_05475,1
TEST_05476,0
TEST_05477,2
TEST_05478,0
TEST_05479,2
TEST_05480,2
TEST_05481,2
TEST_05482,2
TEST_05483,2
TEST_05484,2
TEST_05485,2
TEST_05486,2
TEST_05487,2
TEST_05488,0
TEST_05489,1
TEST_05490,0
TEST_05491,2
TEST_05492,2
TEST_05493,1
TEST_05494,0
TEST_05495,2
TEST_05496,2
TEST_05497,0
TEST_05498,0
TEST_05499,1
TEST_05500,2
TEST_05501,1
TEST_05502,1
TEST_05503,2
TEST_05504,1
TEST_05505,2
TEST_05506,0
TEST_05507,0
TEST_05508,0
TEST_05509,0
TEST_05510,2
TEST_05511,1
TEST_05512,2
TEST_05513,0
TEST_05514,2
TEST_05515,0
TEST_05516,0
TEST_05517,2
TEST_05518,2
TEST_05519,2
TEST_05520,2
TEST_05521,2
TEST_05522,2
TEST_05523,2
TEST_05524,2
TEST_05525,2
TEST_05526,2
TEST_05527,2
TEST_05528,0
TEST_05529,2
TEST_05530,0
TEST_05531,1
TEST_05532,2
TEST_05533,0
TEST_05534,1
TEST_05535,0
TEST_05536,0
TEST_05537,0
TEST_05538,2
TEST_05539,1
TEST_05540,0
TEST_05541,1
TEST_05542,1
TEST_05543,1
TEST_05544,0
TEST_05545,2
TEST_05546,2
TEST_05547,2
TEST_05548,2
TEST_05549,0
TEST_05550,1
TEST_05551,2
TEST_05552,0
TEST_05553,1
TEST_05554,0
TEST_05555,2
TEST_05556,2
TEST_05557,0
TEST_05558,2
TEST_05559,0
TEST_05560,1
TEST_05561,0
TEST_05562,1
TEST_05563,2
TEST_05564,2
TEST_05565,0
TEST_05566,2
TEST_05567,0
TEST_05568,2
TEST_05569,1
TEST_05570,0
TEST_05571,2
TEST_05572,2
TEST_05573,0
TEST_05574,0
TEST_05575,2
TEST_05576,1
TEST_05577,2
TEST_05578,1
TEST_05579,1
TEST_05580,2
TEST_05581,2
TEST_05582,2
TEST_05583,2
TEST_05584,0
TEST_05585,0
TEST_05586,0
TEST_05587,0
TEST_05588,2
TEST_05589,2
TEST_05590,2
TEST_05591,0
TEST_05592,2
TEST_05593,1
TEST_05594,2
TEST_05595,0
TEST_05596,2
TEST_05597,2
TEST_05598,1
TEST_05599,0
TEST_05600,0
TEST_05601,2
TEST_05602,2
TEST_05603,2
TEST_05604,1
TEST_05605,2
TEST_05606,2
TEST_05607,0
TEST_05608,2
TEST_05609,1
TEST_05610,0
TEST_05611,2
TEST_05612,2
TEST_05613,2
TEST_05614,0
TEST_05615,2
TEST_05616,2
TEST_05617,2
TEST_05618,2
TEST_05619,2
TEST_05620,2
TEST_05621,1
TEST_05622,2
TEST_05623,2
TEST_05624,0
TEST_05625,1
TEST_05626,2
TEST_05627,2
TEST_05628,1
TEST_05629,1
TEST_05630,2
TEST_05631,0
TEST_05632,0
TEST_05633,2
TEST_05634,0
TEST_05635,2
TEST_05636,1
TEST_05637,0
TEST_05638,1
TEST_05639,1
TEST_05640,2
TEST_05641,2
TEST_05642,2
TEST_05643,0
TEST_05644,1
TEST_05645,2
TEST_05646,2
TEST_05647,2
TEST_05648,1
TEST_05649,0
TEST_05650,0
TEST_05651,1
TEST_05652,0
TEST_05653,0
TEST_05654,1
TEST_05655,2
TEST_05656,1
TEST_05657,2
TEST_05658,2
TEST_05659,0
TEST_05660,0
TEST_05661,2
TEST_05662,2
TEST_05663,0
TEST_05664,0
TEST_05665,2
TEST_05666,1
TEST_05667,1
TEST_05668,0
TEST_05669,1
TEST_05670,2
TEST_05671,0
TEST_05672,1
TEST_05673,0
TEST_05674,2
TEST_05675,0
TEST_05676,2
TEST_05677,0
TEST_05678,0
TEST_05679,2
TEST_05680,2
TEST_05681,2
TEST_05682,2
TEST_05683,1
TEST_05684,0
TEST_05685,2
TEST_05686,0
TEST_05687,2
TEST_05688,1
TEST_05689,0
TEST_05690,0
TEST_05691,0
TEST_05692,0
TEST_05693,0
TEST_05694,2
TEST_05695,0
TEST_05696,0
TEST_05697,2
TEST_05698,2
TEST_05699,1
TEST_05700,2
TEST_05701,2
TEST_05702,0
TEST_05703,2
TEST_05704,2
TEST_05705,2
TEST_05706,0
TEST_05707,2
TEST_05708,2
TEST_05709,2
TEST_05710,2
TEST_05711,2
TEST_05712,1
TEST_05713,1
TEST_05714,2
TEST_05715,0
TEST_05716,2
TEST_05717,0
TEST_05718,0
TEST_05719,1
TEST_05720,2
TEST_05721,2
TEST_05722,1
TEST_05723,1
TEST_05724,2
TEST_05725,1
TEST_05726,0
TEST_05727,0
TEST_05728,1
TEST_05729,2
TEST_05730,1
TEST_05731,0
TEST_05732,1
TEST_05733,0
TEST_05734,2
TEST_05735,2
TEST_05736,0
TEST_05737,0
TEST_05738,2
TEST_05739,0
TEST_05740,2
TEST_05741,0
TEST_05742,2
TEST_05743,0
TEST_05744,0
TEST_05745,2
TEST_05746,2
TEST_05747,0
TEST_05748,1
TEST_05749,2
TEST_05750,2
TEST_05751,0
TEST_05752,2
TEST_05753,0
TEST_05754,0
TEST_05755,1
TEST_05756,1
TEST_05757,0
TEST_05758,2
TEST_05759,2
TEST_05760,1
TEST_05761,2
TEST_05762,1
TEST_05763,2
TEST_05764,1
TEST_05765,0
TEST_05766,1
TEST_05767,2
TEST_05768,2
TEST_05769,1
TEST_05770,0
TEST_05771,1
TEST_05772,0
TEST_05773,0
TEST_05774,1
TEST_05775,1
TEST_05776,2
TEST_05777,2
TEST_05778,2
TEST_05779,1
TEST_05780,2
TEST_05781,2
TEST_05782,0
TEST_05783,1
TEST_05784,0
TEST_05785,0
TEST_05786,0
TEST_05787,2
TEST_05788,0
TEST_05789,0
TEST_05790,1
TEST_05791,1
TEST_05792,1
TEST_05793,2
TEST_05794,2
TEST_05795,0
TEST_05796,1
TEST_05797,1
TEST_05798,2
TEST_05799,0
TEST_05800,2
TEST_05801,2
TEST_05802,2
TEST_05803,1
TEST_05804,1
TEST_05805,0
TEST_05806,0
TEST_05807,0
TEST_05808,2
TEST_05809,0
TEST_05810,0
TEST_05811,0
TEST_05812,0
TEST_05813,0
TEST_05814,1
TEST_05815,2
TEST_05816,1
TEST_05817,0
TEST_05818,1
TEST_05819,0
TEST_05820,2
TEST_05821,0
TEST_05822,1
TEST_05823,0
TEST_05824,0
TEST_05825,2
TEST_05826,0
TEST_05827,2
TEST_05828,1
TEST_05829,0
TEST_05830,2
TEST_05831,2
TEST_05832,2
TEST_05833,0
TEST_05834,1
TEST_05835,2
TEST_05836,2
TEST_05837,2
TEST_05838,1
TEST_05839,2
TEST_05840,1
TEST_05841,1
TEST_05842,0
TEST_05843,2
TEST_05844,0
TEST_05845,2
TEST_05846,0
TEST_05847,0
TEST_05848,2
TEST_05849,2
TEST_05850,2
TEST_05851,0
TEST_05852,1
TEST_05853,1
TEST_05854,0
TEST_05855,2
TEST_05856,1
TEST_05857,2
TEST_05858,0
TEST_05859,2
TEST_05860,0
TEST_05861,2
TEST_05862,2
TEST_05863,1
TEST_05864,0
TEST_05865,0
TEST_05866,1
TEST_05867,0
TEST_05868,2
TEST_05869,0
TEST_05870,0
TEST_05871,1
TEST_05872,0
TEST_05873,0
TEST_05874,1
TEST_05875,0
TEST_05876,0
TEST_05877,1
TEST_05878,1
TEST_05879,0
TEST_05880,1
TEST_05881,2
TEST_05882,0
TEST_05883,0
TEST_05884,1
TEST_05885,0
TEST_05886,0
TEST_05887,2
TEST_05888,2
TEST_05889,2
TEST_05890,0
TEST_05891,2
TEST_05892,0
TEST_05893,1
TEST_05894,1
TEST_05895,2
TEST_05896,2
TEST_05897,0
TEST_05898,0
TEST_05899,2
TEST_05900,2
TEST_05901,0
TEST_05902,0
TEST_05903,2
TEST_05904,0
TEST_05905,0
TEST_05906,2
TEST_05907,1
TEST_05908,2
TEST_05909,2
TEST_05910,2
TEST_05911,2
TEST_05912,1
TEST_05913,2
TEST_05914,1
TEST_05915,2
TEST_05916,0
TEST_05917,1
TEST_05918,2
TEST_05919,0
TEST_05920,2
TEST_05921,2
TEST_05922,2
TEST_05923,2
TEST_05924,1
TEST_05925,1
TEST_05926,2
TEST_05927,2
TEST_05928,2
TEST_05929,2
TEST_05930,1
TEST_05931,2
TEST_05932,2
TEST_05933,0
TEST_05934,1
TEST_05935,0
TEST_05936,1
TEST_05937,2
TEST_05938,1
TEST_05939,2
TEST_05940,2
TEST_05941,1
TEST_05942,0
TEST_05943,0
TEST_05944,2
TEST_05945,1
TEST_05946,2
TEST_05947,2
TEST_05948,2
TEST_05949,1
TEST_05950,0
TEST_05951,0
TEST_05952,2
TEST_05953,2
TEST_05954,2
TEST_05955,1
TEST_05956,0
TEST_05957,2
TEST_05958,1
TEST_05959,1
TEST_05960,2
TEST_05961,1
TEST_05962,2
TEST_05963,2
TEST_05964,2
TEST_05965,0
TEST_05966,2
TEST_05967,1
TEST_05968,2
TEST_05969,2
TEST_05970,1
TEST_05971,0
TEST_05972,1
TEST_05973,2
TEST_05974,2
TEST_05975,2
TEST_05976,2
TEST_05977,0
TEST_05978,1
TEST_05979,1
TEST_05980,2
TEST_05981,0
TEST_05982,1
TEST_05983,2
TEST_05984,0
TEST_05985,0
TEST_05986,0
TEST_05987,0
TEST_05988,2
TEST_05989,0
TEST_05990,0
TEST_05991,0
TEST_05992,1
TEST_05993,0
TEST_05994,1
TEST_05995,0
TEST_05996,0
TEST_05997,0
TEST_05998,2
TEST_05999,1
TEST_06000,2
TEST_06001,2
TEST_06002,2
TEST_06003,1
TEST_06004,2
TEST_06005,0
TEST_06006,1
TEST_06007,2
TEST_06008,2
TEST_06009,1
TEST_06010,2
TEST_06011,2
TEST_06012,2
TEST_06013,1
TEST_06014,2
TEST_06015,0
TEST_06016,1
TEST_06017,2
TEST_06018,2
TEST_06019,0
TEST_06020,1
TEST_06021,2
TEST_06022,2
TEST_06023,0
TEST_06024,0
TEST_06025,1
TEST_06026,1
TEST_06027,2
TEST_06028,2
TEST_06029,0
TEST_06030,1
TEST_06031,2
TEST_06032,2
TEST_06033,2
TEST_06034,0
TEST_06035,2
TEST_06036,2
TEST_06037,1
TEST_06038,2
TEST_06039,2
TEST_06040,0
TEST_06041,2
TEST_06042,2
TEST_06043,0
TEST_06044,0
TEST_06045,0
TEST_06046,2
TEST_06047,0
TEST_06048,2
TEST_06049,2
TEST_06050,0
TEST_06051,2
TEST_06052,0
TEST_06053,0
TEST_06054,0
TEST_06055,0
TEST_06056,2
TEST_06057,1
TEST_06058,2
TEST_06059,2
TEST_06060,2
TEST_06061,2
TEST_06062,2
TEST_06063,0
TEST_06064,0
TEST_06065,2
TEST_06066,2
TEST_06067,0
TEST_06068,1
TEST_06069,2
TEST_06070,0
TEST_06071,0
TEST_06072,0
TEST_06073,2
TEST_06074,2
TEST_06075,1
TEST_06076,0
TEST_06077,2
TEST_06078,1
TEST_06079,2
TEST_06080,0
TEST_06081,2
TEST_06082,2
TEST_06083,1
TEST_06084,1
TEST_06085,1
TEST_06086,2
TEST_06087,2
TEST_06088,2
TEST_06089,2
TEST_06090,0
TEST_06091,1
TEST_06092,0
TEST_06093,2
TEST_06094,2
TEST_06095,2
TEST_06096,0
TEST_06097,0
TEST_06098,2
TEST_06099,1
TEST_06100,2
TEST_06101,2
TEST_06102,2
TEST_06103,2
TEST_06104,2
TEST_06105,0
TEST_06106,2
TEST_06107,1
TEST_06108,2
TEST_06109,2
TEST_06110,0
TEST_06111,1
TEST_06112,0
TEST_06113,2
TEST_06114,0
TEST_06115,2
TEST_06116,0
TEST_06117,1
TEST_06118,0
TEST_06119,0
TEST_06120,2
TEST_06121,2
TEST_06122,0
TEST_06123,2
TEST_06124,2
TEST_06125,1
TEST_06126,0
TEST_06127,2
TEST_06128,2
TEST_06129,1
TEST_06130,2
TEST_06131,1
TEST_06132,0
TEST_06133,2
TEST_06134,1
TEST_06135,1
TEST_06136,0
TEST_06137,0
TEST_06138,2
TEST_06139,0
TEST_06140,2
TEST_06141,0
TEST_06142,2
TEST_06143,2
TEST_06144,2
TEST_06145,0
TEST_06146,2
TEST_06147,1
TEST_06148,2
TEST_06149,1
TEST_06150,2
TEST_06151,2
TEST_06152,0
TEST_06153,2
TEST_06154,0
TEST_06155,2
TEST_06156,0
TEST_06157,0
TEST_06158,0
TEST_06159,0
TEST_06160,0
TEST_06161,0
TEST_06162,0
TEST_06163,2
TEST_06164,2
TEST_06165,2
TEST_06166,2
TEST_06167,2
TEST_06168,2
TEST_06169,1
TEST_06170,1
TEST_06171,2
TEST_06172,1
TEST_06173,1
TEST_06174,0
TEST_06175,0
TEST_06176,2
TEST_06177,1
TEST_06178,0
TEST_06179,2
TEST_06180,2
TEST_06181,2
TEST_06182,0
TEST_06183,0
TEST_06184,0
TEST_06185,0
TEST_06186,2
TEST_06187,2
TEST_06188,2
TEST_06189,1
TEST_06190,1
TEST_06191,2
TEST_06192,0
TEST_06193,2
TEST_06194,2
TEST_06195,2
TEST_06196,1
TEST_06197,2
TEST_06198,2
TEST_06199,2
TEST_06200,1
TEST_06201,0
TEST_06202,1
TEST_06203,0
TEST_06204,2
TEST_06205,1
TEST_06206,2
TEST_06207,1
TEST_06208,2
TEST_06209,1
TEST_06210,2
TEST_06211,2
TEST_06212,0
TEST_06213,2
TEST_06214,1
TEST_06215,1
TEST_06216,1
TEST_06217,2
TEST_06218,2
TEST_06219,2
TEST_06220,0
TEST_06221,0
TEST_06222,0
TEST_06223,1
TEST_06224,0
TEST_06225,1
TEST_06226,0
TEST_06227,2
TEST_06228,2
TEST_06229,0
TEST_06230,0
TEST_06231,0
TEST_06232,2
TEST_06233,0
TEST_06234,0
TEST_06235,0
TEST_06236,2
TEST_06237,0
TEST_06238,0
TEST_06239,1
TEST_06240,2
TEST_06241,2
TEST_06242,2
TEST_06243,0
TEST_06244,2
TEST_06245,0
TEST_06246,0
TEST_06247,2
TEST_06248,2
TEST_06249,0
TEST_06250,2
TEST_06251,2
TEST_06252,1
TEST_06253,1
TEST_06254,2
TEST_06255,0
TEST_06256,1
TEST_06257,1
TEST_06258,1
TEST_06259,0
TEST_06260,1
TEST_06261,2
TEST_06262,1
TEST_06263,2
TEST_06264,0
TEST_06265,2
TEST_06266,2
TEST_06267,0
TEST_06268,2
TEST_06269,2
TEST_06270,2
TEST_06271,1
TEST_06272,2
TEST_06273,2
TEST_06274,2
TEST_06275,1
TEST_06276,0
TEST_06277,0
TEST_06278,0
TEST_06279,2
TEST_06280,0
TEST_06281,0
TEST_06282,0
TEST_06283,2
TEST_06284,0
TEST_06285,2
TEST_06286,2
TEST_06287,1
TEST_06288,2
TEST_06289,0
TEST_06290,0
TEST_06291,2
TEST_06292,0
TEST_06293,0
TEST_06294,2
TEST_06295,2
TEST_06296,1
TEST_06297,2
TEST_06298,1
TEST_06299,2
TEST_06300,0
TEST_06301,2
TEST_06302,2
TEST_06303,2
TEST_06304,2
TEST_06305,0
TEST_06306,1
TEST_06307,2
TEST_06308,0
TEST_06309,1
TEST_06310,2
TEST_06311,2
TEST_06312,0
TEST_06313,1
TEST_06314,0
TEST_06315,2
TEST_06316,2
TEST_06317,2
TEST_06318,0
TEST_06319,2
TEST_06320,0
TEST_06321,0
TEST_06322,2
TEST_06323,2
TEST_06324,2
TEST_06325,2
TEST_06326,0
TEST_06327,0
TEST_06328,1
TEST_06329,0
TEST_06330,2
TEST_06331,0
TEST_06332,1
TEST_06333,0
TEST_06334,2
TEST_06335,0
TEST_06336,2
TEST_06337,0
TEST_06338,2
TEST_06339,0
TEST_06340,2
TEST_06341,0
TEST_06342,1
TEST_06343,1
TEST_06344,2
TEST_06345,0
TEST_06346,2
TEST_06347,2
TEST_06348,1
TEST_06349,2
TEST_06350,2
TEST_06351,0
TEST_06352,1
TEST_06353,2
TEST_06354,1
TEST_06355,1
TEST_06356,2
TEST_06357,1
TEST_06358,2
TEST_06359,2
TEST_06360,1
TEST_06361,0
TEST_06362,2
TEST_06363,2
TEST_06364,2
TEST_06365,0
TEST_06366,2
TEST_06367,0
TEST_06368,0
TEST_06369,1
TEST_06370,2
TEST_06371,0
TEST_06372,2
TEST_06373,0
TEST_06374,2
TEST_06375,2
TEST_06376,2
TEST_06377,0
TEST_06378,2
TEST_06379,1
TEST_06380,0
TEST_06381,2
TEST_06382,2
TEST_06383,0
TEST_06384,2
TEST_06385,0
TEST_06386,0
TEST_06387,0
TEST_06388,1
TEST_06389,2
TEST_06390,1
TEST_06391,2
TEST_06392,2
TEST_06393,2
TEST_06394,2
TEST_06395,0
TEST_06396,2
TEST_06397,1
TEST_06398,2
TEST_06399,1
TEST_06400,2
TEST_06401,0
TEST_06402,2
TEST_06403,1
TEST_06404,0
TEST_06405,0
TEST_06406,2
TEST_06407,2
TEST_06408,2
TEST_06409,2
TEST_06410,2
TEST_06411,1
TEST_06412,0
TEST_06413,0
TEST_06414,0
TEST_06415,2
TEST_06416,2
TEST_06417,1
TEST_06418,0
TEST_06419,2
TEST_06420,2
TEST_06421,0
TEST_06422,2
TEST_06423,1
TEST_06424,2
TEST_06425,2
TEST_06426,0
TEST_06427,1
TEST_06428,2
TEST_06429,0
TEST_06430,0
TEST_06431,0
TEST_06432,0
TEST_06433,2
TEST_06434,2
TEST_06435,2
TEST_06436,2
TEST_06437,1
TEST_06438,1
TEST_06439,2
TEST_06440,2
TEST_06441,2
TEST_06442,2
TEST_06443,2
TEST_06444,2
TEST_06445,1
TEST_06446,0
TEST_06447,1
TEST_06448,0
TEST_06449,2
TEST_06450,2
TEST_06451,2
TEST_06452,0
TEST_06453,2
TEST_06454,1
TEST_06455,2
TEST_06456,0
TEST_06457,0
TEST_06458,1
TEST_06459,0
TEST_06460,2
TEST_06461,1
TEST_06462,1
TEST_06463,1
TEST_06464,1
TEST_06465,2
TEST_06466,1
TEST_06467,0
TEST_06468,2
TEST_06469,0
TEST_06470,2
TEST_06471,1
TEST_06472,2
TEST_06473,2
TEST_06474,2
TEST_06475,1
TEST_06476,0
TEST_06477,2
TEST_06478,0
TEST_06479,2
TEST_06480,0
TEST_06481,2
TEST_06482,0
TEST_06483,0
TEST_06484,1
TEST_06485,0
TEST_06486,0
TEST_06487,0
TEST_06488,2
TEST_06489,2
TEST_06490,1
TEST_06491,2
TEST_06492,0
TEST_06493,1
TEST_06494,2
TEST_06495,2
TEST_06496,2
TEST_06497,1
TEST_06498,1
TEST_06499,2
TEST_06500,2
TEST_06501,2
TEST_06502,0
TEST_06503,2
TEST_06504,2
TEST_06505,1
TEST_06506,2
TEST_06507,1
TEST_06508,0
TEST_06509,0
TEST_06510,1
TEST_06511,2
TEST_06512,1
TEST_06513,0
TEST_06514,2
TEST_06515,1
TEST_06516,2
TEST_06517,0
TEST_06518,2
TEST_06519,2
TEST_06520,1
TEST_06521,1
TEST_06522,2
TEST_06523,1
TEST_06524,2
TEST_06525,2
TEST_06526,1
TEST_06527,0
TEST_06528,0
TEST_06529,2
TEST_06530,2
TEST_06531,2
TEST_06532,1
TEST_06533,1
TEST_06534,1
TEST_06535,2
TEST_06536,0
TEST_06537,1
TEST_06538,0
TEST_06539,2
TEST_06540,2
TEST_06541,2
TEST_06542,1
TEST_06543,0
TEST_06544,2
TEST_06545,2
TEST_06546,2
TEST_06547,2
TEST_06548,0
TEST_06549,0
TEST_06550,2
TEST_06551,1
TEST_06552,2
TEST_06553,0
TEST_06554,1
TEST_06555,2
TEST_06556,1
TEST_06557,2
TEST_06558,2
TEST_06559,0
TEST_06560,2
TEST_06561,0
TEST_06562,0
TEST_06563,0
TEST_06564,2
TEST_06565,0
TEST_06566,0
TEST_06567,1
TEST_06568,1
TEST_06569,0
TEST_06570,2
TEST_06571,2
TEST_06572,1
TEST_06573,0
TEST_06574,2
TEST_06575,2
TEST_06576,1
TEST_06577,0
TEST_06578,0
TEST_06579,0
TEST_06580,0
TEST_06581,1
TEST_06582,2
TEST_06583,2
TEST_06584,0
TEST_06585,1
TEST_06586,0
TEST_06587,0
TEST_06588,1
TEST_06589,2
TEST_06590,1
TEST_06591,0
TEST_06592,1
TEST_06593,2
TEST_06594,2
TEST_06595,1
TEST_06596,2
TEST_06597,1
TEST_06598,0
TEST_06599,2
TEST_06600,2
TEST_06601,0
TEST_06602,0
TEST_06603,0
TEST_06604,0
TEST_06605,0
TEST_06606,2
TEST_06607,1
TEST_06608,2
TEST_06609,2
TEST_06610,2
TEST_06611,2
TEST_06612,1
TEST_06613,2
TEST_06614,2
TEST_06615,2
TEST_06616,0
TEST_06617,0
TEST_06618,1
TEST_06619,2
TEST_06620,1
TEST_06621,2
TEST_06622,0
TEST_06623,2
TEST_06624,2
TEST_06625,2
TEST_06626,2
TEST_06627,1
TEST_06628,0
TEST_06629,0
TEST_06630,0
TEST_06631,2
TEST_06632,2
TEST_06633,2
TEST_06634,0
TEST_06635,1
TEST_06636,2
TEST_06637,0
TEST_06638,2
TEST_06639,2
TEST_06640,0
TEST_06641,2
TEST_06642,2
TEST_06643,2
TEST_06644,2
TEST_06645,2
TEST_06646,2
TEST_06647,1
TEST_06648,0
TEST_06649,0
TEST_06650,1
TEST_06651,2
TEST_06652,2
TEST_06653,0
TEST_06654,0
TEST_06655,0
TEST_06656,2
TEST_06657,2
TEST_06658,2
TEST_06659,1
TEST_06660,2
TEST_06661,2
TEST_06662,0
TEST_06663,1
TEST_06664,1
TEST_06665,2
TEST_06666,1
TEST_06667,0
TEST_06668,2
TEST_06669,2
TEST_06670,2
TEST_06671,1
TEST_06672,0
TEST_06673,1
TEST_06674,1
TEST_06675,2
TEST_06676,1
TEST_06677,1
TEST_06678,1
TEST_06679,2
TEST_06680,0
TEST_06681,2
TEST_06682,1
TEST_06683,1
TEST_06684,2
TEST_06685,2
TEST_06686,0
TEST_06687,0
TEST_06688,2
TEST_06689,2
TEST_06690,0
TEST_06691,2
TEST_06692,2
TEST_06693,0
TEST_06694,1
TEST_06695,0
TEST_06696,2
TEST_06697,2
TEST_06698,0
TEST_06699,0
TEST_06700,2
TEST_06701,1
TEST_06702,2
TEST_06703,0
TEST_06704,2
TEST_06705,0
TEST_06706,2
TEST_06707,2
TEST_06708,2
TEST_06709,1
TEST_06710,0
TEST_06711,0
TEST_06712,2
TEST_06713,1
TEST_06714,2
TEST_06715,1
TEST_06716,1
TEST_06717,1
TEST_06718,1
TEST_06719,0
TEST_06720,0
TEST_06721,2
TEST_06722,0
TEST_06723,2
TEST_06724,2
TEST_06725,2
TEST_06726,2
TEST_06727,2
TEST_06728,2
TEST_06729,1
TEST_06730,2
TEST_06731,0
TEST_06732,0
TEST_06733,2
TEST_06734,1
TEST_06735,2
TEST_06736,2
TEST_06737,2
TEST_06738,1
TEST_06739,0
TEST_06740,1
TEST_06741,2
TEST_06742,2
TEST_06743,2
TEST_06744,2
TEST_06745,0
TEST_06746,2
TEST_06747,2
TEST_06748,2
TEST_06749,2
TEST_06750,0
TEST_06751,1
TEST_06752,2
TEST_06753,2
TEST_06754,1
TEST_06755,2
TEST_06756,0
TEST_06757,1
TEST_06758,2
TEST_06759,2
TEST_06760,1
TEST_06761,0
TEST_06762,2
TEST_06763,0
TEST_06764,2
TEST_06765,2
TEST_06766,0
TEST_06767,2
TEST_06768,2
TEST_06769,2
TEST_06770,0
TEST_06771,2
TEST_06772,1
TEST_06773,2
TEST_06774,2
TEST_06775,2
TEST_06776,0
TEST_06777,2
TEST_06778,1
TEST_06779,1
TEST_06780,2
TEST_06781,2
TEST_06782,1
TEST_06783,1
TEST_06784,1
TEST_06785,2
TEST_06786,1
TEST_06787,0
TEST_06788,1
TEST_06789,1
TEST_06790,0
TEST_06791,2
TEST_06792,2
TEST_06793,1
TEST_06794,2
TEST_06795,0
TEST_06796,2
TEST_06797,0
TEST_06798,2
TEST_06799,0
TEST_06800,2
TEST_06801,1
TEST_06802,2
TEST_06803,1
TEST_06804,2
TEST_06805,1
TEST_06806,1
TEST_06807,2
TEST_06808,0
TEST_06809,2
TEST_06810,0
TEST_06811,2
TEST_06812,0
TEST_06813,2
TEST_06814,2
TEST_06815,0
TEST_06816,2
TEST_06817,2
TEST_06818,0
TEST_06819,0
TEST_06820,2
TEST_06821,0
TEST_06822,1
TEST_06823,2
TEST_06824,0
TEST_06825,0
TEST_06826,2
TEST_06827,0
TEST_06828,2
TEST_06829,2
TEST_06830,2
TEST_06831,0
TEST_06832,2
TEST_06833,2
TEST_06834,2
TEST_06835,0
TEST_06836,1
TEST_06837,2
TEST_06838,0
TEST_06839,1
TEST_06840,2
TEST_06841,0
TEST_06842,2
TEST_06843,1
TEST_06844,1
TEST_06845,2
TEST_06846,2
TEST_06847,0
TEST_06848,0
TEST_06849,2
TEST_06850,0
TEST_06851,0
TEST_06852,0
TEST_06853,1
TEST_06854,2
TEST_06855,1
TEST_06856,0
TEST_06857,2
TEST_06858,2
TEST_06859,0
TEST_06860,1
TEST_06861,0
TEST_06862,1
TEST_06863,1
TEST_06864,1
TEST_06865,1
TEST_06866,0
TEST_06867,2
TEST_06868,2
TEST_06869,1
TEST_06870,1
TEST_06871,0
TEST_06872,2
TEST_06873,1
TEST_06874,2
TEST_06875,0
TEST_06876,2
TEST_06877,2
TEST_06878,0
TEST_06879,2
TEST_06880,0
TEST_06881,0
TEST_06882,0
TEST_06883,0
TEST_06884,1
TEST_06885,2
TEST_06886,2
TEST_06887,2
TEST_06888,2
TEST_06889,0
TEST_06890,2
TEST_06891,1
TEST_06892,2
TEST_06893,0
TEST_06894,2
TEST_06895,2
TEST_06896,0
TEST_06897,1
TEST_06898,1
TEST_06899,0
TEST_06900,2
TEST_06901,2
TEST_06902,1
TEST_06903,2
TEST_06904,1
TEST_06905,2
TEST_06906,0
TEST_06907,0
TEST_06908,2
TEST_06909,2
TEST_06910,1
TEST_06911,2
TEST_06912,2
TEST_06913,2
TEST_06914,2
TEST_06915,2
TEST_06916,1
TEST_06917,2
TEST_06918,0
TEST_06919,0
TEST_06920,2
TEST_06921,0
TEST_06922,2
TEST_06923,1
TEST_06924,2
TEST_06925,1
TEST_06926,0
TEST_06927,2
TEST_06928,0
TEST_06929,2
TEST_06930,2
TEST_06931,2
TEST_06932,2
TEST_06933,2
TEST_06934,0
TEST_06935,0
TEST_06936,2
TEST_06937,2
TEST_06938,2
TEST_06939,0
TEST_06940,2
TEST_06941,2
TEST_06942,1
TEST_06943,2
TEST_06944,1
TEST_06945,0
TEST_06946,0
TEST_06947,2
TEST_06948,1
TEST_06949,2
TEST_06950,1
TEST_06951,1
TEST_06952,1
TEST_06953,2
TEST_06954,0
TEST_06955,1
TEST_06956,2
TEST_06957,1
TEST_06958,2
TEST_06959,2
TEST_06960,0
TEST_06961,1
TEST_06962,1
TEST_06963,2
TEST_06964,1
TEST_06965,2
TEST_06966,2
TEST_06967,0
TEST_06968,0
TEST_06969,2
TEST_06970,1
TEST_06971,2
TEST_06972,0
TEST_06973,1
TEST_06974,2
TEST_06975,2
TEST_06976,1
TEST_06977,0
TEST_06978,2
TEST_06979,2
TEST_06980,0
TEST_06981,2
TEST_06982,1
TEST_06983,0
TEST_06984,2
TEST_06985,1
TEST_06986,0
TEST_06987,1
TEST_06988,0
TEST_06989,2
TEST_06990,1
TEST_06991,2
TEST_06992,2
TEST_06993,2
TEST_06994,0
TEST_06995,2
TEST_06996,2
TEST_06997,1
TEST_06998,2
TEST_06999,1
TEST_07000,1
TEST_07001,1
TEST_07002,1
TEST_07003,0
TEST_07004,0
TEST_07005,2
TEST_07006,1
TEST_07007,1
TEST_07008,2
TEST_07009,0
TEST_07010,0
TEST_07011,1
TEST_07012,0
TEST_07013,0
TEST_07014,0
TEST_07015,2
TEST_07016,1
TEST_07017,2
TEST_07018,2
TEST_07019,2
TEST_07020,2
TEST_07021,2
TEST_07022,0
TEST_07023,0
TEST_07024,0
TEST_07025,2
TEST_07026,0
TEST_07027,2
TEST_07028,2
TEST_07029,2
TEST_07030,1
TEST_07031,0
TEST_07032,2
TEST_07033,2
TEST_07034,0
TEST_07035,2
TEST_07036,0
TEST_07037,2
TEST_07038,1
TEST_07039,0
TEST_07040,2
TEST_07041,0
TEST_07042,2
TEST_07043,2
TEST_07044,0
TEST_07045,0
TEST_07046,1
TEST_07047,1
TEST_07048,2
TEST_07049,0
TEST_07050,1
TEST_07051,2
TEST_07052,2
TEST_07053,2
TEST_07054,0
TEST_07055,1
TEST_07056,1
TEST_07057,2
TEST_07058,0
TEST_07059,0
TEST_07060,2
TEST_07061,0
TEST_07062,0
TEST_07063,2
TEST_07064,2
TEST_07065,2
TEST_07066,1
TEST_07067,0
TEST_07068,1
TEST_07069,1
TEST_07070,1
TEST_07071,2
TEST_07072,0
TEST_07073,2
TEST_07074,2
TEST_07075,0
TEST_07076,1
TEST_07077,0
TEST_07078,2
TEST_07079,1
TEST_07080,0
TEST_07081,0
TEST_07082,2
TEST_07083,2
TEST_07084,1
TEST_07085,1
TEST_07086,1
TEST_07087,2
TEST_07088,2
TEST_07089,0
TEST_07090,1
TEST_07091,2
TEST_07092,2
TEST_07093,1
TEST_07094,2
TEST_07095,2
TEST_07096,0
TEST_07097,2
TEST_07098,2
TEST_07099,0
TEST_07100,2
TEST_07101,0
TEST_07102,1
TEST_07103,2
TEST_07104,0
TEST_07105,0
TEST_07106,2
TEST_07107,0
TEST_07108,0
TEST_07109,0
TEST_07110,0
TEST_07111,0
TEST_07112,0
TEST_07113,2
TEST_07114,1
TEST_07115,0
TEST_07116,1
TEST_07117,2
TEST_07118,0
TEST_07119,2
TEST_07120,0
TEST_07121,1
TEST_07122,1
TEST_07123,2
TEST_07124,2
TEST_07125,0
TEST_07126,0
TEST_07127,2
TEST_07128,2
TEST_07129,1
TEST_07130,0
TEST_07131,2
TEST_07132,1
TEST_07133,1
TEST_07134,2
TEST_07135,0
TEST_07136,1
TEST_07137,0
TEST_07138,0
TEST_07139,0
TEST_07140,1
TEST_07141,2
TEST_07142,1
TEST_07143,2
TEST_07144,0
TEST_07145,2
TEST_07146,2
TEST_07147,0
TEST_07148,1
TEST_07149,2
TEST_07150,1
TEST_07151,2
TEST_07152,2
TEST_07153,2
TEST_07154,0
TEST_07155,1
TEST_07156,1
TEST_07157,0
TEST_07158,0
TEST_07159,1
TEST_07160,0
TEST_07161,0
TEST_07162,2
TEST_07163,2
TEST_07164,1
TEST_07165,0
TEST_07166,0
TEST_07167,0
TEST_07168,2
TEST_07169,2
TEST_07170,2
TEST_07171,0
TEST_07172,0
TEST_07173,1
TEST_07174,1
TEST_07175,0
TEST_07176,0
TEST_07177,1
TEST_07178,1
TEST_07179,2
TEST_07180,2
TEST_07181,2
TEST_07182,0
TEST_07183,2
TEST_07184,0
TEST_07185,1
TEST_07186,2
TEST_07187,1
TEST_07188,2
TEST_07189,0
TEST_07190,2
TEST_07191,0
TEST_07192,1
TEST_07193,1
TEST_07194,0
TEST_07195,0
TEST_07196,2
TEST_07197,0
TEST_07198,2
TEST_07199,2
TEST_07200,1
TEST_07201,2
TEST_07202,0
TEST_07203,2
TEST_07204,2
TEST_07205,2
TEST_07206,2
TEST_07207,0
TEST_07208,1
TEST_07209,1
TEST_07210,2
TEST_07211,2
TEST_07212,1
TEST_07213,0
TEST_07214,2
TEST_07215,1
TEST_07216,2
TEST_07217,1
TEST_07218,2
TEST_07219,1
TEST_07220,2
TEST_07221,0
TEST_07222,1
TEST_07223,0
TEST_07224,0
TEST_07225,2
TEST_07226,2
TEST_07227,2
TEST_07228,2
TEST_07229,2
TEST_07230,1
TEST_07231,1
TEST_07232,0
TEST_07233,2
TEST_07234,2
TEST_07235,2
TEST_07236,2
TEST_07237,0
TEST_07238,1
TEST_07239,1
TEST_07240,0
TEST_07241,0
TEST_07242,2
TEST_07243,2
TEST_07244,0
TEST_07245,0
TEST_07246,0
TEST_07247,2
TEST_07248,1
TEST_07249,0
TEST_07250,0
TEST_07251,0
TEST_07252,2
TEST_07253,2
TEST_07254,2
TEST_07255,2
TEST_07256,2
TEST_07257,2
TEST_07258,0
TEST_07259,2
TEST_07260,1
TEST_07261,2
TEST_07262,2
TEST_07263,2
TEST_07264,0
TEST_07265,0
TEST_07266,2
TEST_07267,0
TEST_07268,2
TEST_07269,2
TEST_07270,2
TEST_07271,1
TEST_07272,2
TEST_07273,0
TEST_07274,1
TEST_07275,2
TEST_07276,2
TEST_07277,0
TEST_07278,1
TEST_07279,0
TEST_07280,1
TEST_07281,1
TEST_07282,0
TEST_07283,2
TEST_07284,2
TEST_07285,2
TEST_07286,2
TEST_07287,0
TEST_07288,0
TEST_07289,2
TEST_07290,1
TEST_07291,1
TEST_07292,1
TEST_07293,1
TEST_07294,2
TEST_07295,2
TEST_07296,2
TEST_07297,1
TEST_07298,2
TEST_07299,1
TEST_07300,2
TEST_07301,0
TEST_07302,2
TEST_07303,0
TEST_07304,1
TEST_07305,1
TEST_07306,1
TEST_07307,2
TEST_07308,1
TEST_07309,1
TEST_07310,0
TEST_07311,2
TEST_07312,1
TEST_07313,2
TEST_07314,2
TEST_07315,2
TEST_07316,1
TEST_07317,1
TEST_07318,1
TEST_07319,2
TEST_07320,1
TEST_07321,2
TEST_07322,1
TEST_07323,2
TEST_07324,2
TEST_07325,1
TEST_07326,2
TEST_07327,2
TEST_07328,2
TEST_07329,2
TEST_07330,0
TEST_07331,2
TEST_07332,2
TEST_07333,2
TEST_07334,2
TEST_07335,2
TEST_07336,2
TEST_07337,1
TEST_07338,1
TEST_07339,1
TEST_07340,0
TEST_07341,0
TEST_07342,2
TEST_07343,2
TEST_07344,1
TEST_07345,0
TEST_07346,2
TEST_07347,0
TEST_07348,0
TEST_07349,1
TEST_07350,1
TEST_07351,2
TEST_07352,1
TEST_07353,2
TEST_07354,0
TEST_07355,1
TEST_07356,2
TEST_07357,2
TEST_07358,2
TEST_07359,2
TEST_07360,0
TEST_07361,2
TEST_07362,0
TEST_07363,2
TEST_07364,2
TEST_07365,2
TEST_07366,2
TEST_07367,0
TEST_07368,2
TEST_07369,2
TEST_07370,2
TEST_07371,2
TEST_07372,0
TEST_07373,0
TEST_07374,1
TEST_07375,2
TEST_07376,1
TEST_07377,1
TEST_07378,2
TEST_07379,2
TEST_07380,1
TEST_07381,2
TEST_07382,0
TEST_07383,0
TEST_07384,0
TEST_07385,2
TEST_07386,2
TEST_07387,0
TEST_07388,0
TEST_07389,0
TEST_07390,1
TEST_07391,2
TEST_07392,1
TEST_07393,2
TEST_07394,2
TEST_07395,1
TEST_07396,0
TEST_07397,2
TEST_07398,1
TEST_07399,0
TEST_07400,2
TEST_07401,0
TEST_07402,0
TEST_07403,0
TEST_07404,0
TEST_07405,0
TEST_07406,0
TEST_07407,1
TEST_07408,0
TEST_07409,0
TEST_07410,2
TEST_07411,1
TEST_07412,2
TEST_07413,2
TEST_07414,2
TEST_07415,2
TEST_07416,2
TEST_07417,2
TEST_07418,2
TEST_07419,0
TEST_07420,2
TEST_07421,0
TEST_07422,2
TEST_07423,1
TEST_07424,0
TEST_07425,0
TEST_07426,0
TEST_07427,2
TEST_07428,0
TEST_07429,0
TEST_07430,2
TEST_07431,1
TEST_07432,0
TEST_07433,0
TEST_07434,1
TEST_07435,2
TEST_07436,1
TEST_07437,1
TEST_07438,2
TEST_07439,0
TEST_07440,2
TEST_07441,2
TEST_07442,2
TEST_07443,2
TEST_07444,0
TEST_07445,0
TEST_07446,2
TEST_07447,1
TEST_07448,1
TEST_07449,2
TEST_07450,2
TEST_07451,1
TEST_07452,0
TEST_07453,2
TEST_07454,1
TEST_07455,2
TEST_07456,2
TEST_07457,2
TEST_07458,2
TEST_07459,2
TEST_07460,2
TEST_07461,1
TEST_07462,2
TEST_07463,0
TEST_07464,2
TEST_07465,0
TEST_07466,0
TEST_07467,0
TEST_07468,1
TEST_07469,0
TEST_07470,0
TEST_07471,0
TEST_07472,1
TEST_07473,0
TEST_07474,2
TEST_07475,2
TEST_07476,2
TEST_07477,1
TEST_07478,2
TEST_07479,2
TEST_07480,0
TEST_07481,2
TEST_07482,2
TEST_07483,0
TEST_07484,0
TEST_07485,2
TEST_07486,0
TEST_07487,1
TEST_07488,0
TEST_07489,0
TEST_07490,2
TEST_07491,1
TEST_07492,2
TEST_07493,0
TEST_07494,0
TEST_07495,0
TEST_07496,2
TEST_07497,1
TEST_07498,2
TEST_07499,0
TEST_07500,0
TEST_07501,1
TEST_07502,1
TEST_07503,0
TEST_07504,0
TEST_07505,0
TEST_07506,0
TEST_07507,0
TEST_07508,0
TEST_07509,2
TEST_07510,0
TEST_07511,2
TEST_07512,0
TEST_07513,0
TEST_07514,1
TEST_07515,2
TEST_07516,1
TEST_07517,2
TEST_07518,0
TEST_07519,1
TEST_07520,2
TEST_07521,2
TEST_07522,0
TEST_07523,0
TEST_07524,1
TEST_07525,0
TEST_07526,0
TEST_07527,2
TEST_07528,2
TEST_07529,0
TEST_07530,2
TEST_07531,1
TEST_07532,1
TEST_07533,0
TEST_07534,2
TEST_07535,2
TEST_07536,2
TEST_07537,2
TEST_07538,1
TEST_07539,1
TEST_07540,1
TEST_07541,0
TEST_07542,2
TEST_07543,2
TEST_07544,0
TEST_07545,0
TEST_07546,2
TEST_07547,0
TEST_07548,2
TEST_07549,1
TEST_07550,2
TEST_07551,1
TEST_07552,1
TEST_07553,0
TEST_07554,2
TEST_07555,1
TEST_07556,2
TEST_07557,2
TEST_07558,0
TEST_07559,2
TEST_07560,1
TEST_07561,0
TEST_07562,0
TEST_07563,0
TEST_07564,1
TEST_07565,2
TEST_07566,2
TEST_07567,2
TEST_07568,1
TEST_07569,1
TEST_07570,2
TEST_07571,0
TEST_07572,2
TEST_07573,2
TEST_07574,2
TEST_07575,2
TEST_07576,0
TEST_07577,2
TEST_07578,0
TEST_07579,1
TEST_07580,1
TEST_07581,2
TEST_07582,2
TEST_07583,2
TEST_07584,0
TEST_07585,2
TEST_07586,2
TEST_07587,1
TEST_07588,2
TEST_07589,2
TEST_07590,2
TEST_07591,2
TEST_07592,0
TEST_07593,1
TEST_07594,0
TEST_07595,0
TEST_07596,2
TEST_07597,2
TEST_07598,0
TEST_07599,2
TEST_07600,0
TEST_07601,1
TEST_07602,0
TEST_07603,2
TEST_07604,2
TEST_07605,0
TEST_07606,2
TEST_07607,0
TEST_07608,2
TEST_07609,1
TEST_07610,0
TEST_07611,2
TEST_07612,0
TEST_07613,1
TEST_07614,1
TEST_07615,1
TEST_07616,2
TEST_07617,0
TEST_07618,1
TEST_07619,0
TEST_07620,0
TEST_07621,2
TEST_07622,2
TEST_07623,1
TEST_07624,1
TEST_07625,0
TEST_07626,0
TEST_07627,1
TEST_07628,2
TEST_07629,1
TEST_07630,0
TEST_07631,1
TEST_07632,2
TEST_07633,0
TEST_07634,1
TEST_07635,0
TEST_07636,2
TEST_07637,0
TEST_07638,2
TEST_07639,2
TEST_07640,0
TEST_07641,2
TEST_07642,2
TEST_07643,0
TEST_07644,1
TEST_07645,0
TEST_07646,1
TEST_07647,2
TEST_07648,0
TEST_07649,1
TEST_07650,2
TEST_07651,0
TEST_07652,0
TEST_07653,1
TEST_07654,2
TEST_07655,2
TEST_07656,2
TEST_07657,2
TEST_07658,1
TEST_07659,0
TEST_07660,2
TEST_07661,1
TEST_07662,2
TEST_07663,2
TEST_07664,2
TEST_07665,0
TEST_07666,1
TEST_07667,2
TEST_07668,2
TEST_07669,0
TEST_07670,1
TEST_07671,0
TEST_07672,2
TEST_07673,1
TEST_07674,2
TEST_07675,0
TEST_07676,2
TEST_07677,1
TEST_07678,2
TEST_07679,2
TEST_07680,2
TEST_07681,1
TEST_07682,2
TEST_07683,2
TEST_07684,2
TEST_07685,0
TEST_07686,2
TEST_07687,2
TEST_07688,2
TEST_07689,2
TEST_07690,1
TEST_07691,2
TEST_07692,1
TEST_07693,2
TEST_07694,1
TEST_07695,2
TEST_07696,2
TEST_07697,2
TEST_07698,0
TEST_07699,0
TEST_07700,1
TEST_07701,0
TEST_07702,1
TEST_07703,0
TEST_07704,2
TEST_07705,0
TEST_07706,0
TEST_07707,2
TEST_07708,0
TEST_07709,0
TEST_07710,2
TEST_07711,1
TEST_07712,2
TEST_07713,2
TEST_07714,1
TEST_07715,0
TEST_07716,2
TEST_07717,0
TEST_07718,2
TEST_07719,0
TEST_07720,2
TEST_07721,0
TEST_07722,1
TEST_07723,2
TEST_07724,2
TEST_07725,0
TEST_07726,2
TEST_07727,2
TEST_07728,2
TEST_07729,2
TEST_07730,2
TEST_07731,2
TEST_07732,0
TEST_07733,0
TEST_07734,2
TEST_07735,2
TEST_07736,2
TEST_07737,2
TEST_07738,2
TEST_07739,1
TEST_07740,0
TEST_07741,2
TEST_07742,0
TEST_07743,2
TEST_07744,0
TEST_07745,0
TEST_07746,0
TEST_07747,1
TEST_07748,0
TEST_07749,1
TEST_07750,0
TEST_07751,2
TEST_07752,1
TEST_07753,0
TEST_07754,2
TEST_07755,2
TEST_07756,0
TEST_07757,0
TEST_07758,0
TEST_07759,2
TEST_07760,0
TEST_07761,2
TEST_07762,2
TEST_07763,2
TEST_07764,2
TEST_07765,1
TEST_07766,2
TEST_07767,2
TEST_07768,0
TEST_07769,2
TEST_07770,0
TEST_07771,2
TEST_07772,2
TEST_07773,2
TEST_07774,1
TEST_07775,2
TEST_07776,1
TEST_07777,1
TEST_07778,2
TEST_07779,2
TEST_07780,0
TEST_07781,1
TEST_07782,2
TEST_07783,2
TEST_07784,0
TEST_07785,0
TEST_07786,2
TEST_07787,0
TEST_07788,2
TEST_07789,2
TEST_07790,1
TEST_07791,0
TEST_07792,2
TEST_07793,2
TEST_07794,1
TEST_07795,0
TEST_07796,2
TEST_07797,0
TEST_07798,1
TEST_07799,2
TEST_07800,2
TEST_07801,1
TEST_07802,2
TEST_07803,0
TEST_07804,0
TEST_07805,0
TEST_07806,1
TEST_07807,2
TEST_07808,2
TEST_07809,2
TEST_07810,0
TEST_07811,2
TEST_07812,0
TEST_07813,0
TEST_07814,0
TEST_07815,2
TEST_07816,2
TEST_07817,0
TEST_07818,2
TEST_07819,2
TEST_07820,1
TEST_07821,0
TEST_07822,0
TEST_07823,0
TEST_07824,0
TEST_07825,2
TEST_07826,2
TEST_07827,2
TEST_07828,2
TEST_07829,0
TEST_07830,1
TEST_07831,2
TEST_07832,0
TEST_07833,0
TEST_07834,1
TEST_07835,2
TEST_07836,1
TEST_07837,2
TEST_07838,0
TEST_07839,1
TEST_07840,0
TEST_07841,2
TEST_07842,1
TEST_07843,0
TEST_07844,2
TEST_07845,2
TEST_07846,0
TEST_07847,2
TEST_07848,1
TEST_07849,2
TEST_07850,2
TEST_07851,2
TEST_07852,2
TEST_07853,1
TEST_07854,2
TEST_07855,1
TEST_07856,2
TEST_07857,2
TEST_07858,2
TEST_07859,2
TEST_07860,1
TEST_07861,1
TEST_07862,2
TEST_07863,2
TEST_07864,0
TEST_07865,0
TEST_07866,1
TEST_07867,1
TEST_07868,0
TEST_07869,2
TEST_07870,2
TEST_07871,0
TEST_07872,2
TEST_07873,2
TEST_07874,2
TEST_07875,2
TEST_07876,0
TEST_07877,2
TEST_07878,1
TEST_07879,0
TEST_07880,0
TEST_07881,2
TEST_07882,2
TEST_07883,0
TEST_07884,2
TEST_07885,1
TEST_07886,0
TEST_07887,2
TEST_07888,0
TEST_07889,2
TEST_07890,2
TEST_07891,2
TEST_07892,1
TEST_07893,0
TEST_07894,0
TEST_07895,2
TEST_07896,1
TEST_07897,1
TEST_07898,2
TEST_07899,0
TEST_07900,2
TEST_07901,0
TEST_07902,2
TEST_07903,2
TEST_07904,2
TEST_07905,2
TEST_07906,1
TEST_07907,1
TEST_07908,0
TEST_07909,1
TEST_07910,1
TEST_07911,0
TEST_07912,2
TEST_07913,0
TEST_07914,1
TEST_07915,2
TEST_07916,0
TEST_07917,2
TEST_07918,0
TEST_07919,2
TEST_07920,2
TEST_07921,1
TEST_07922,2
TEST_07923,0
TEST_07924,1
TEST_07925,2
TEST_07926,0
TEST_07927,0
TEST_07928,1
TEST_07929,2
TEST_07930,1
TEST_07931,0
TEST_07932,0
TEST_07933,0
TEST_07934,0
TEST_07935,2
TEST_07936,1
TEST_07937,0
TEST_07938,0
TEST_07939,0
TEST_07940,2
TEST_07941,0
TEST_07942,2
TEST_07943,2
TEST_07944,2
TEST_07945,2
TEST_07946,2
TEST_07947,0
TEST_07948,0
TEST_07949,2
TEST_07950,2
TEST_07951,0
TEST_07952,0
TEST_07953,0
TEST_07954,0
TEST_07955,0
TEST_07956,1
TEST_07957,2
TEST_07958,2
TEST_07959,0
TEST_07960,1
TEST_07961,0
TEST_07962,0
TEST_07963,0
TEST_07964,2
TEST_07965,2
TEST_07966,0
TEST_07967,0
TEST_07968,2
TEST_07969,2
TEST_07970,0
TEST_07971,1
TEST_07972,2
TEST_07973,1
TEST_07974,2
TEST_07975,1
TEST_07976,2
TEST_07977,1
TEST_07978,2
TEST_07979,1
TEST_07980,2
TEST_07981,0
TEST_07982,2
TEST_07983,2
TEST_07984,0
TEST_07985,2
TEST_07986,1
TEST_07987,0
TEST_07988,0
TEST_07989,0
TEST_07990,1
TEST_07991,2
TEST_07992,2
TEST_07993,2
TEST_07994,0
TEST_07995,2
TEST_07996,2
TEST_07997,2
TEST_07998,0
TEST_07999,2
TEST_08000,2
TEST_08001,2
TEST_08002,1
TEST_08003,2
TEST_08004,0
TEST_08005,0
TEST_08006,0
TEST_08007,0
TEST_08008,1
TEST_08009,2
TEST_08010,1
TEST_08011,2
TEST_08012,1
TEST_08013,2
TEST_08014,0
TEST_08015,0
TEST_08016,2
TEST_08017,2
TEST_08018,2
TEST_08019,2
TEST_08020,1
TEST_08021,2
TEST_08022,2
TEST_08023,2
TEST_08024,1
TEST_08025,0
TEST_08026,1
TEST_08027,2
TEST_08028,0
TEST_08029,2
TEST_08030,2
TEST_08031,1
TEST_08032,2
TEST_08033,2
TEST_08034,0
TEST_08035,0
TEST_08036,1
TEST_08037,2
TEST_08038,1
TEST_08039,2
TEST_08040,2
TEST_08041,0
TEST_08042,1
TEST_08043,2
TEST_08044,2
TEST_08045,2
TEST_08046,2
TEST_08047,0
TEST_08048,1
TEST_08049,0
TEST_08050,0
TEST_08051,2
TEST_08052,2
TEST_08053,2
TEST_08054,1
TEST_08055,1
TEST_08056,1
TEST_08057,2
TEST_08058,0
TEST_08059,2
TEST_08060,1
TEST_08061,2
TEST_08062,2
TEST_08063,2
TEST_08064,2
TEST_08065,2
TEST_08066,2
TEST_08067,0
TEST_08068,2
TEST_08069,2
TEST_08070,0
TEST_08071,1
TEST_08072,1
TEST_08073,2
TEST_08074,2
TEST_08075,2
TEST_08076,2
TEST_08077,2
TEST_08078,1
TEST_08079,2
TEST_08080,0
TEST_08081,1
TEST_08082,2
TEST_08083,2
TEST_08084,2
TEST_08085,2
TEST_08086,1
TEST_08087,2
TEST_08088,2
TEST_08089,2
TEST_08090,0
TEST_08091,2
TEST_08092,1
TEST_08093,0
TEST_08094,2
TEST_08095,2
TEST_08096,1
TEST_08097,2
TEST_08098,0
TEST_08099,0
TEST_08100,0
TEST_08101,0
TEST_08102,1
TEST_08103,2
TEST_08104,0
TEST_08105,2
TEST_08106,2
TEST_08107,0
TEST_08108,0
TEST_08109,1
TEST_08110,0
TEST_08111,0
TEST_08112,2
TEST_08113,0
TEST_08114,0
TEST_08115,2
TEST_08116,2
TEST_08117,1
TEST_08118,2
TEST_08119,0
TEST_08120,0
TEST_08121,0
TEST_08122,0
TEST_08123,2
TEST_08124,1
TEST_08125,0
TEST_08126,2
TEST_08127,1
TEST_08128,2
TEST_08129,2
TEST_08130,1
TEST_08131,1
TEST_08132,1
TEST_08133,0
TEST_08134,1
TEST_08135,1
TEST_08136,1
TEST_08137,2
TEST_08138,0
TEST_08139,2
TEST_08140,0
TEST_08141,2
TEST_08142,2
TEST_08143,0
TEST_08144,2
TEST_08145,0
TEST_08146,2
TEST_08147,0
TEST_08148,0
TEST_08149,0
TEST_08150,0
TEST_08151,2
TEST_08152,0
TEST_08153,2
TEST_08154,1
TEST_08155,2
TEST_08156,2
TEST_08157,2
TEST_08158,0
TEST_08159,0
TEST_08160,2
TEST_08161,0
TEST_08162,1
TEST_08163,2
TEST_08164,0
TEST_08165,2
TEST_08166,0
TEST_08167,0
TEST_08168,1
TEST_08169,0
TEST_08170,1
TEST_08171,0
TEST_08172,2
TEST_08173,1
TEST_08174,1
TEST_08175,0
TEST_08176,0
TEST_08177,0
TEST_08178,0
TEST_08179,2
TEST_08180,2
TEST_08181,2
TEST_08182,2
TEST_08183,2
TEST_08184,1
TEST_08185,0
TEST_08186,2
TEST_08187,2
TEST_08188,1
TEST_08189,0
TEST_08190,1
TEST_08191,2
TEST_08192,2
TEST_08193,2
TEST_08194,1
TEST_08195,2
TEST_08196,1
TEST_08197,2
TEST_08198,1
TEST_08199,2
TEST_08200,1
TEST_08201,2
TEST_08202,1
TEST_08203,0
TEST_08204,0
TEST_08205,2
TEST_08206,0
TEST_08207,1
TEST_08208,0
TEST_08209,2
TEST_08210,0
TEST_08211,0
TEST_08212,2
TEST_08213,0
TEST_08214,2
TEST_08215,0
TEST_08216,1
TEST_08217,2
TEST_08218,2
TEST_08219,0
TEST_08220,1
TEST_08221,0
TEST_08222,2
TEST_08223,2
TEST_08224,2
TEST_08225,0
TEST_08226,0
TEST_08227,1
TEST_08228,0
TEST_08229,0
TEST_08230,0
TEST_08231,0
TEST_08232,2
TEST_08233,1
TEST_08234,1
TEST_08235,2
TEST_08236,0
TEST_08237,1
TEST_08238,0
TEST_08239,2
TEST_08240,2
TEST_08241,0
TEST_08242,1
TEST_08243,1
TEST_08244,0
TEST_08245,2
TEST_08246,2
TEST_08247,0
TEST_08248,1
TEST_08249,0
TEST_08250,2
TEST_08251,2
TEST_08252,2
TEST_08253,0
TEST_08254,2
TEST_08255,2
TEST_08256,1
TEST_08257,0
TEST_08258,1
TEST_08259,2
TEST_08260,2
TEST_08261,0
TEST_08262,2
TEST_08263,2
TEST_08264,0
TEST_08265,2
TEST_08266,0
TEST_08267,2
TEST_08268,2
TEST_08269,0
TEST_08270,0
TEST_08271,1
TEST_08272,2
TEST_08273,2
TEST_08274,1
TEST_08275,1
TEST_08276,1
TEST_08277,1
TEST_08278,0
TEST_08279,2
TEST_08280,0
TEST_08281,1
TEST_08282,0
TEST_08283,0
TEST_08284,2
TEST_08285,1
TEST_08286,2
TEST_08287,0
TEST_08288,0
TEST_08289,1
TEST_08290,1
TEST_08291,0
TEST_08292,2
TEST_08293,0
TEST_08294,0
TEST_08295,0
TEST_08296,2
TEST_08297,1
TEST_08298,2
TEST_08299,2
TEST_08300,2
TEST_08301,0
TEST_08302,1
TEST_08303,2
TEST_08304,0
TEST_08305,2
TEST_08306,2
TEST_08307,1
TEST_08308,2
TEST_08309,0
TEST_08310,1
TEST_08311,0
TEST_08312,0
TEST_08313,2
TEST_08314,1
TEST_08315,2
TEST_08316,0
TEST_08317,0
TEST_08318,2
TEST_08319,0
TEST_08320,0
TEST_08321,0
TEST_08322,0
TEST_08323,0
TEST_08324,1
TEST_08325,2
TEST_08326,1
TEST_08327,2
TEST_08328,0
TEST_08329,1
TEST_08330,2
TEST_08331,2
TEST_08332,2
TEST_08333,2
TEST_08334,0
TEST_08335,0
TEST_08336,2
TEST_08337,2
TEST_08338,2
TEST_08339,2
TEST_08340,2
TEST_08341,0
TEST_08342,2
TEST_08343,2
TEST_08344,2
TEST_08345,2
TEST_08346,1
TEST_08347,2
TEST_08348,0
TEST_08349,0
TEST_08350,2
TEST_08351,0
TEST_08352,2
TEST_08353,2
TEST_08354,2
TEST_08355,0
TEST_08356,0
TEST_08357,2
TEST_08358,0
TEST_08359,0
TEST_08360,1
TEST_08361,2
TEST_08362,0
TEST_08363,2
TEST_08364,2
TEST_08365,0
TEST_08366,0
TEST_08367,2
TEST_08368,1
TEST_08369,2
TEST_08370,2
TEST_08371,2
TEST_08372,0
TEST_08373,2
TEST_08374,2
TEST_08375,1
TEST_08376,0
TEST_08377,2
TEST_08378,1
TEST_08379,2
TEST_08380,0
TEST_08381,0
TEST_08382,2
TEST_08383,0
TEST_08384,2
TEST_08385,1
TEST_08386,2
TEST_08387,0
TEST_08388,0
TEST_08389,2
TEST_08390,2
TEST_08391,2
TEST_08392,1
TEST_08393,2
TEST_08394,1
TEST_08395,0
TEST_08396,1
TEST_08397,2
TEST_08398,1
TEST_08399,0
TEST_08400,0
TEST_08401,1
TEST_08402,2
TEST_08403,1
TEST_08404,2
TEST_08405,2
TEST_08406,0
TEST_08407,2
TEST_08408,0
TEST_08409,1
TEST_08410,1
TEST_08411,1
TEST_08412,2
TEST_08413,0
TEST_08414,0
TEST_08415,2
TEST_08416,1
TEST_08417,1
TEST_08418,2
TEST_08419,2
TEST_08420,1
TEST_08421,2
TEST_08422,0
TEST_08423,1
TEST_08424,2
TEST_08425,2
TEST_08426,2
TEST_08427,0
TEST_08428,0
TEST_08429,2
TEST_08430,0
TEST_08431,1
TEST_08432,2
TEST_08433,1
TEST_08434,0
TEST_08435,2
TEST_08436,0
TEST_08437,2
TEST_08438,0
TEST_08439,0
TEST_08440,1
TEST_08441,1
TEST_08442,2
TEST_08443,1
TEST_08444,2
TEST_08445,2
TEST_08446,0
TEST_08447,2
TEST_08448,2
TEST_08449,2
TEST_08450,1
TEST_08451,2
TEST_08452,0
TEST_08453,1
TEST_08454,1
TEST_08455,2
TEST_08456,0
TEST_08457,0
TEST_08458,2
TEST_08459,0
TEST_08460,0
TEST_08461,2
TEST_08462,2
TEST_08463,1
TEST_08464,2
TEST_08465,0
TEST_08466,0
TEST_08467,0
TEST_08468,2
TEST_08469,0
TEST_08470,0
TEST_08471,1
TEST_08472,0
TEST_08473,2
TEST_08474,2
TEST_08475,1
TEST_08476,2
TEST_08477,2
TEST_08478,1
TEST_08479,2
TEST_08480,1
TEST_08481,1
TEST_08482,2
TEST_08483,2
TEST_08484,0
TEST_08485,1
TEST_08486,2
TEST_08487,2
TEST_08488,0
TEST_08489,2
TEST_08490,0
TEST_08491,0
TEST_08492,2
TEST_08493,0
TEST_08494,2
TEST_08495,2
TEST_08496,2
TEST_08497,0
TEST_08498,1
TEST_08499,2
TEST_08500,2
TEST_08501,0
TEST_08502,0
TEST_08503,0
TEST_08504,1
TEST_08505,0
TEST_08506,1
TEST_08507,0
TEST_08508,2
TEST_08509,0
TEST_08510,0
TEST_08511,2
TEST_08512,2
TEST_08513,2
TEST_08514,0
TEST_08515,2
TEST_08516,0
TEST_08517,0
TEST_08518,0
TEST_08519,0
TEST_08520,2
TEST_08521,0
TEST_08522,2
TEST_08523,0
TEST_08524,2
TEST_08525,0
TEST_08526,2
TEST_08527,1
TEST_08528,1
TEST_08529,0
TEST_08530,0
TEST_08531,0
TEST_08532,1
TEST_08533,2
TEST_08534,2
TEST_08535,0
TEST_08536,2
TEST_08537,1
TEST_08538,0
TEST_08539,2
TEST_08540,0
TEST_08541,1
TEST_08542,2
TEST_08543,2
TEST_08544,2
TEST_08545,1
TEST_08546,1
TEST_08547,2
TEST_08548,0
TEST_08549,2
TEST_08550,0
TEST_08551,1
TEST_08552,0
TEST_08553,2
TEST_08554,2
TEST_08555,1
TEST_08556,0
TEST_08557,2
TEST_08558,1
TEST_08559,2
TEST_08560,2
TEST_08561,1
TEST_08562,2
TEST_08563,0
TEST_08564,1
TEST_08565,2
TEST_08566,2
TEST_08567,2
TEST_08568,0
TEST_08569,0
TEST_08570,0
TEST_08571,1
TEST_08572,2
TEST_08573,2
TEST_08574,1
TEST_08575,1
TEST_08576,2
TEST_08577,0
TEST_08578,1
TEST_08579,2
TEST_08580,0
TEST_08581,0
TEST_08582,2
TEST_08583,2
TEST_08584,0
TEST_08585,1
TEST_08586,2
TEST_08587,2
TEST_08588,2
TEST_08589,2
TEST_08590,1
TEST_08591,0
TEST_08592,0
TEST_08593,2
TEST_08594,0
TEST_08595,2
TEST_08596,2
TEST_08597,0
TEST_08598,2
TEST_08599,2
TEST_08600,2
TEST_08601,1
TEST_08602,2
TEST_08603,2
TEST_08604,2
TEST_08605,2
TEST_08606,1
TEST_08607,0
TEST_08608,2
TEST_08609,0
TEST_08610,2
TEST_08611,2
TEST_08612,2
TEST_08613,1
TEST_08614,1
TEST_08615,1
TEST_08616,2
TEST_08617,0
TEST_08618,2
TEST_08619,1
TEST_08620,1
TEST_08621,0
TEST_08622,0
TEST_08623,2
TEST_08624,1
TEST_08625,2
TEST_08626,2
TEST_08627,1
TEST_08628,1
TEST_08629,1
TEST_08630,2
TEST_08631,0
TEST_08632,0
TEST_08633,0
TEST_08634,2
TEST_08635,0
TEST_08636,2
TEST_08637,1
TEST_08638,2
TEST_08639,2
TEST_08640,0
TEST_08641,0
TEST_08642,2
TEST_08643,2
TEST_08644,2
TEST_08645,1
TEST_08646,1
TEST_08647,0
TEST_08648,0
TEST_08649,2
TEST_08650,2
TEST_08651,0
TEST_08652,2
TEST_08653,1
TEST_08654,2
TEST_08655,2
TEST_08656,0
TEST_08657,1
TEST_08658,1
TEST_08659,1
TEST_08660,2
TEST_08661,2
TEST_08662,1
TEST_08663,2
TEST_08664,2
TEST_08665,0
TEST_08666,1
TEST_08667,0
TEST_08668,2
TEST_08669,0
TEST_08670,0
TEST_08671,0
TEST_08672,2
TEST_08673,1
TEST_08674,2
TEST_08675,2
TEST_08676,2
TEST_08677,2
TEST_08678,1
TEST_08679,1
TEST_08680,1
TEST_08681,2
TEST_08682,0
TEST_08683,1
TEST_08684,1
TEST_08685,2
TEST_08686,0
TEST_08687,2
TEST_08688,0
TEST_08689,2
TEST_08690,2
TEST_08691,1
TEST_08692,0
TEST_08693,0
TEST_08694,1
TEST_08695,2
TEST_08696,2
TEST_08697,1
TEST_08698,2
TEST_08699,1
TEST_08700,2
TEST_08701,0
TEST_08702,1
TEST_08703,0
TEST_08704,2
TEST_08705,0
TEST_08706,2
TEST_08707,2
TEST_08708,0
TEST_08709,2
TEST_08710,2
TEST_08711,2
TEST_08712,2
TEST_08713,1
TEST_08714,1
TEST_08715,2
TEST_08716,0
TEST_08717,2
TEST_08718,0
TEST_08719,1
TEST_08720,1
TEST_08721,0
TEST_08722,2
TEST_08723,0
TEST_08724,0
TEST_08725,1
TEST_08726,0
TEST_08727,0
TEST_08728,2
TEST_08729,2
TEST_08730,0
TEST_08731,2
TEST_08732,2
TEST_08733,0
TEST_08734,2
TEST_08735,2
TEST_08736,0
TEST_08737,0
TEST_08738,1
TEST_08739,0
TEST_08740,2
TEST_08741,0
TEST_08742,2
TEST_08743,0
TEST_08744,2
TEST_08745,1
TEST_08746,1
TEST_08747,2
TEST_08748,2
TEST_08749,1
TEST_08750,1
TEST_08751,0
TEST_08752,2
TEST_08753,0
TEST_08754,0
TEST_08755,1
TEST_08756,0
TEST_08757,0
TEST_08758,2
TEST_08759,0
TEST_08760,0
TEST_08761,0
TEST_08762,2
TEST_08763,2
TEST_08764,2
TEST_08765,1
TEST_08766,2
TEST_08767,2
TEST_08768,2
TEST_08769,0
TEST_08770,1
TEST_08771,1
TEST_08772,2
TEST_08773,0
TEST_08774,1
TEST_08775,1
TEST_08776,2
TEST_08777,1
TEST_08778,2
TEST_08779,2
TEST_08780,2
TEST_08781,2
TEST_08782,2
TEST_08783,0
TEST_08784,0
TEST_08785,1
TEST_08786,1
TEST_08787,1
TEST_08788,2
TEST_08789,1
TEST_08790,2
TEST_08791,0
TEST_08792,1
TEST_08793,0
TEST_08794,2
TEST_08795,0
TEST_08796,1
TEST_08797,0
TEST_08798,0
TEST_08799,2
TEST_08800,1
TEST_08801,2
TEST_08802,2
TEST_08803,0
TEST_08804,1
TEST_08805,0
TEST_08806,0
TEST_08807,2
TEST_08808,0
TEST_08809,1
TEST_08810,0
TEST_08811,0
TEST_08812,1
TEST_08813,2
TEST_08814,0
TEST_08815,0
TEST_08816,1
TEST_08817,2
TEST_08818,0
TEST_08819,0
TEST_08820,2
TEST_08821,2
TEST_08822,1
TEST_08823,2
TEST_08824,0
TEST_08825,1
TEST_08826,2
TEST_08827,2
TEST_08828,2
TEST_08829,0
TEST_08830,0
TEST_08831,1
TEST_08832,2
TEST_08833,2
TEST_08834,0
TEST_08835,0
TEST_08836,1
TEST_08837,2
TEST_08838,1
TEST_08839,2
TEST_08840,0
TEST_08841,2
TEST_08842,0
TEST_08843,2
TEST_08844,0
TEST_08845,1
TEST_08846,0
TEST_08847,0
TEST_08848,2
TEST_08849,1
TEST_08850,0
TEST_08851,2
TEST_08852,2
TEST_08853,1
TEST_08854,2
TEST_08855,2
TEST_08856,1
TEST_08857,2
TEST_08858,1
TEST_08859,0
TEST_08860,1
TEST_08861,0
TEST_08862,0
TEST_08863,1
TEST_08864,1
TEST_08865,1
TEST_08866,2
TEST_08867,2
TEST_08868,0
TEST_08869,2
TEST_08870,0
TEST_08871,2
TEST_08872,2
TEST_08873,2
TEST_08874,1
TEST_08875,0
TEST_08876,1
TEST_08877,1
TEST_08878,2
TEST_08879,1
TEST_08880,1
TEST_08881,2
TEST_08882,0
TEST_08883,0
TEST_08884,1
TEST_08885,0
TEST_08886,0
TEST_08887,1
TEST_08888,2
TEST_08889,1
TEST_08890,0
TEST_08891,2
TEST_08892,0
TEST_08893,0
TEST_08894,0
TEST_08895,1
TEST_08896,0
TEST_08897,0
TEST_08898,0
TEST_08899,1
TEST_08900,0
TEST_08901,0
TEST_08902,0
TEST_08903,2
TEST_08904,0
TEST_08905,1
TEST_08906,2
TEST_08907,0
TEST_08908,2
TEST_08909,0
TEST_08910,1
TEST_08911,2
TEST_08912,2
TEST_08913,0
TEST_08914,1
TEST_08915,1
TEST_08916,2
TEST_08917,0
TEST_08918,2
TEST_08919,1
TEST_08920,1
TEST_08921,1
TEST_08922,0
TEST_08923,0
TEST_08924,0
TEST_08925,0
TEST_08926,1
TEST_08927,0
TEST_08928,2
TEST_08929,1
TEST_08930,2
TEST_08931,2
TEST_08932,0
TEST_08933,2
TEST_08934,1
TEST_08935,2
TEST_08936,0
TEST_08937,0
TEST_08938,2
TEST_08939,2
TEST_08940,0
TEST_08941,0
TEST_08942,0
TEST_08943,2
TEST_08944,2
TEST_08945,2
TEST_08946,2
TEST_08947,0
TEST_08948,0
TEST_08949,0
TEST_08950,1
TEST_08951,1
TEST_08952,0
TEST_08953,2
TEST_08954,2
TEST_08955,0
TEST_08956,0
TEST_08957,2
TEST_08958,0
TEST_08959,2
TEST_08960,0
TEST_08961,0
TEST_08962,0
TEST_08963,1
TEST_08964,1
TEST_08965,1
TEST_08966,0
TEST_08967,2
TEST_08968,2
TEST_08969,2
TEST_08970,0
TEST_08971,2
TEST_08972,2
TEST_08973,2
TEST_08974,0
TEST_08975,0
TEST_08976,1
TEST_08977,2
TEST_08978,0
TEST_08979,2
TEST_08980,0
TEST_08981,1
TEST_08982,2
TEST_08983,0
TEST_08984,2
TEST_08985,1
TEST_08986,1
TEST_08987,2
TEST_08988,2
TEST_08989,2
TEST_08990,0
TEST_08991,0
TEST_08992,2
TEST_08993,1
TEST_08994,0
TEST_08995,2
TEST_08996,2
TEST_08997,2
TEST_08998,2
TEST_08999,1
TEST_09000,0
TEST_09001,2
TEST_09002,2
TEST_09003,2
TEST_09004,1
TEST_09005,0
TEST_09006,0
TEST_09007,0
TEST_09008,0
TEST_09009,2
TEST_09010,0
TEST_09011,2
TEST_09012,1
TEST_09013,0
TEST_09014,1
TEST_09015,1
TEST_09016,2
TEST_09017,0
TEST_09018,0
TEST_09019,1
TEST_09020,1
TEST_09021,0
TEST_09022,2
TEST_09023,0
TEST_09024,2
TEST_09025,1
TEST_09026,0
TEST_09027,2
TEST_09028,2
TEST_09029,0
TEST_09030,0
TEST_09031,2
TEST_09032,1
TEST_09033,0
TEST_09034,0
TEST_09035,2
TEST_09036,2
TEST_09037,2
TEST_09038,2
TEST_09039,2
TEST_09040,1
TEST_09041,1
TEST_09042,1
TEST_09043,0
TEST_09044,1
TEST_09045,2
TEST_09046,0
TEST_09047,2
TEST_09048,1
TEST_09049,1
TEST_09050,2
TEST_09051,2
TEST_09052,2
TEST_09053,0
TEST_09054,2
TEST_09055,0
TEST_09056,2
TEST_09057,2
TEST_09058,2
TEST_09059,0
TEST_09060,2
TEST_09061,1
TEST_09062,2
TEST_09063,1
TEST_09064,2
TEST_09065,1
TEST_09066,2
TEST_09067,2
TEST_09068,0
TEST_09069,2
TEST_09070,1
TEST_09071,2
TEST_09072,0
TEST_09073,1
TEST_09074,1
TEST_09075,0
TEST_09076,2
TEST_09077,0
TEST_09078,2
TEST_09079,2
TEST_09080,0
TEST_09081,2
TEST_09082,0
TEST_09083,1
TEST_09084,2
TEST_09085,0
TEST_09086,1
TEST_09087,0
TEST_09088,0
TEST_09089,2
TEST_09090,0
TEST_09091,0
TEST_09092,1
TEST_09093,1
TEST_09094,0
TEST_09095,2
TEST_09096,0
TEST_09097,2
TEST_09098,2
TEST_09099,2
TEST_09100,0
TEST_09101,2
TEST_09102,1
TEST_09103,2
TEST_09104,2
TEST_09105,2
TEST_09106,2
TEST_09107,2
TEST_09108,2
TEST_09109,2
TEST_09110,1
TEST_09111,1
TEST_09112,2
TEST_09113,1
TEST_09114,2
TEST_09115,1
TEST_09116,2
TEST_09117,0
TEST_09118,2
TEST_09119,1
TEST_09120,2
TEST_09121,1
TEST_09122,0
TEST_09123,1
TEST_09124,2
TEST_09125,2
TEST_09126,1
TEST_09127,1
TEST_09128,0
TEST_09129,0
TEST_09130,1
TEST_09131,2
TEST_09132,0
TEST_09133,2
TEST_09134,1
TEST_09135,1
TEST_09136,2
TEST_09137,1
TEST_09138,0
TEST_09139,0
TEST_09140,1
TEST_09141,0
TEST_09142,2
TEST_09143,2
TEST_09144,0
TEST_09145,0
TEST_09146,2
TEST_09147,0
TEST_09148,0
TEST_09149,2
TEST_09150,0
TEST_09151,2
TEST_09152,2
TEST_09153,2
TEST_09154,0
TEST_09155,0
TEST_09156,2
TEST_09157,0
TEST_09158,0
TEST_09159,2
TEST_09160,2
TEST_09161,0
TEST_09162,2
TEST_09163,0
TEST_09164,2
TEST_09165,1
TEST_09166,2
TEST_09167,0
TEST_09168,2
TEST_09169,2
TEST_09170,0
TEST_09171,2
TEST_09172,0
TEST_09173,1
TEST_09174,2
TEST_09175,2
TEST_09176,0
TEST_09177,1
TEST_09178,1
TEST_09179,1
TEST_09180,1
TEST_09181,2
TEST_09182,2
TEST_09183,1
TEST_09184,1
TEST_09185,1
TEST_09186,2
TEST_09187,2
TEST_09188,2
TEST_09189,2
TEST_09190,2
TEST_09191,0
TEST_09192,2
TEST_09193,1
TEST_09194,2
TEST_09195,0
TEST_09196,0
TEST_09197,0
TEST_09198,2
TEST_09199,0
TEST_09200,2
TEST_09201,2
TEST_09202,2
TEST_09203,1
TEST_09204,2
TEST_09205,1
TEST_09206,0
TEST_09207,2
TEST_09208,1
TEST_09209,2
TEST_09210,0
TEST_09211,2
TEST_09212,0
TEST_09213,0
TEST_09214,1
TEST_09215,2
TEST_09216,0
TEST_09217,1
TEST_09218,2
TEST_09219,0
TEST_09220,2
TEST_09221,2
TEST_09222,2
TEST_09223,0
TEST_09224,2
TEST_09225,0
TEST_09226,2
TEST_09227,0
TEST_09228,0
TEST_09229,1
TEST_09230,0
TEST_09231,1
TEST_09232,0
TEST_09233,1
TEST_09234,1
TEST_09235,0
TEST_09236,0
TEST_09237,1
TEST_09238,1
TEST_09239,2
TEST_09240,1
TEST_09241,0
TEST_09242,0
TEST_09243,2
TEST_09244,0
TEST_09245,2
TEST_09246,0
TEST_09247,1
TEST_09248,0
TEST_09249,2
TEST_09250,1
TEST_09251,0
TEST_09252,0
TEST_09253,1
TEST_09254,1
TEST_09255,2
TEST_09256,1
TEST_09257,0
TEST_09258,1
TEST_09259,0
TEST_09260,1
TEST_09261,2
TEST_09262,0
TEST_09263,2
TEST_09264,0
TEST_09265,1
TEST_09266,0
TEST_09267,0
TEST_09268,2
TEST_09269,2
TEST_09270,2
TEST_09271,0
TEST_09272,2
TEST_09273,2
TEST_09274,2
TEST_09275,1
TEST_09276,2
TEST_09277,1
TEST_09278,1
TEST_09279,2
TEST_09280,2
TEST_09281,2
TEST_09282,0
TEST_09283,2
TEST_09284,0
TEST_09285,0
TEST_09286,1
TEST_09287,2
TEST_09288,2
TEST_09289,0
TEST_09290,0
TEST_09291,0
TEST_09292,2
TEST_09293,1
TEST_09294,2
TEST_09295,1
TEST_09296,2
TEST_09297,2
TEST_09298,1
TEST_09299,0
TEST_09300,2
TEST_09301,0
TEST_09302,2
TEST_09303,2
TEST_09304,2
TEST_09305,2
TEST_09306,1
TEST_09307,2
TEST_09308,0
TEST_09309,0
TEST_09310,2
TEST_09311,0
TEST_09312,2
TEST_09313,2
TEST_09314,1
TEST_09315,1
TEST_09316,2
TEST_09317,0
TEST_09318,1
TEST_09319,2
TEST_09320,1
TEST_09321,2
TEST_09322,2
TEST_09323,1
TEST_09324,1
TEST_09325,0
TEST_09326,2
TEST_09327,0
TEST_09328,0
TEST_09329,1
TEST_09330,2
TEST_09331,0
TEST_09332,0
TEST_09333,0
TEST_09334,1
TEST_09335,2
TEST_09336,1
TEST_09337,2
TEST_09338,1
TEST_09339,0
TEST_09340,2
TEST_09341,2
TEST_09342,2
TEST_09343,0
TEST_09344,0
TEST_09345,1
TEST_09346,0
TEST_09347,0
TEST_09348,2
TEST_09349,1
TEST_09350,0
TEST_09351,2
TEST_09352,2
TEST_09353,1
TEST_09354,2
TEST_09355,2
TEST_09356,0
TEST_09357,0
TEST_09358,1
TEST_09359,2
TEST_09360,0
TEST_09361,2
TEST_09362,0
TEST_09363,1
TEST_09364,2
TEST_09365,2
TEST_09366,2
TEST_09367,0
TEST_09368,2
TEST_09369,0
TEST_09370,2
TEST_09371,0
TEST_09372,1
TEST_09373,0
TEST_09374,0
TEST_09375,2
TEST_09376,2
TEST_09377,0
TEST_09378,2
TEST_09379,2
TEST_09380,1
TEST_09381,0
TEST_09382,1
TEST_09383,2
TEST_09384,1
TEST_09385,1
TEST_09386,1
TEST_09387,2
TEST_09388,2
TEST_09389,0
TEST_09390,2
TEST_09391,1
TEST_09392,0
TEST_09393,2
TEST_09394,2
TEST_09395,0
TEST_09396,1
TEST_09397,1
TEST_09398,2
TEST_09399,2
TEST_09400,1
TEST_09401,2
TEST_09402,0
TEST_09403,2
TEST_09404,0
TEST_09405,0
TEST_09406,0
TEST_09407,2
TEST_09408,1
TEST_09409,1
TEST_09410,1
TEST_09411,1
TEST_09412,2
TEST_09413,2
TEST_09414,0
TEST_09415,0
TEST_09416,1
TEST_09417,2
TEST_09418,0
TEST_09419,0
TEST_09420,2
TEST_09421,2
TEST_09422,0
TEST_09423,2
TEST_09424,0
TEST_09425,0
TEST_09426,0
TEST_09427,0
TEST_09428,0
TEST_09429,1
TEST_09430,2
TEST_09431,2
TEST_09432,2
TEST_09433,2
TEST_09434,0
TEST_09435,2
TEST_09436,0
TEST_09437,1
TEST_09438,2
TEST_09439,0
TEST_09440,0
TEST_09441,2
TEST_09442,2
TEST_09443,1
TEST_09444,2
TEST_09445,1
TEST_09446,0
TEST_09447,1
TEST_09448,0
TEST_09449,2
TEST_09450,0
TEST_09451,0
TEST_09452,0
TEST_09453,0
TEST_09454,1
TEST_09455,2
TEST_09456,0
TEST_09457,2
TEST_09458,1
TEST_09459,2
TEST_09460,2
TEST_09461,2
TEST_09462,2
TEST_09463,1
TEST_09464,2
TEST_09465,1
TEST_09466,0
TEST_09467,2
TEST_09468,1
TEST_09469,2
TEST_09470,2
TEST_09471,2
TEST_09472,2
TEST_09473,2
TEST_09474,1
TEST_09475,1
TEST_09476,0
TEST_09477,2
TEST_09478,0
TEST_09479,2
TEST_09480,2
TEST_09481,2
TEST_09482,2
TEST_09483,1
TEST_09484,0
TEST_09485,2
TEST_09486,0
TEST_09487,1
TEST_09488,0
TEST_09489,0
TEST_09490,2
TEST_09491,0
TEST_09492,2
TEST_09493,2
TEST_09494,2
TEST_09495,2
TEST_09496,2
TEST_09497,2
TEST_09498,1
TEST_09499,1
TEST_09500,2
TEST_09501,0
TEST_09502,2
TEST_09503,0
TEST_09504,2
TEST_09505,2
TEST_09506,0
TEST_09507,2
TEST_09508,2
TEST_09509,2
TEST_09510,2
TEST_09511,1
TEST_09512,0
TEST_09513,0
TEST_09514,2
TEST_09515,0
TEST_09516,0
TEST_09517,2
TEST_09518,2
TEST_09519,2
TEST_09520,1
TEST_09521,2
TEST_09522,0
TEST_09523,0
TEST_09524,1
TEST_09525,0
TEST_09526,1
TEST_09527,0
TEST_09528,1
TEST_09529,2
TEST_09530,0
TEST_09531,2
TEST_09532,0
TEST_09533,1
TEST_09534,1
TEST_09535,0
TEST_09536,0
TEST_09537,1
TEST_09538,0
TEST_09539,2
TEST_09540,2
TEST_09541,2
TEST_09542,2
TEST_09543,2
TEST_09544,2
TEST_09545,2
TEST_09546,0
TEST_09547,2
TEST_09548,0
TEST_09549,0
TEST_09550,0
TEST_09551,0
TEST_09552,2
TEST_09553,1
TEST_09554,2
TEST_09555,1
TEST_09556,1
TEST_09557,2
TEST_09558,0
TEST_09559,2
TEST_09560,0
TEST_09561,1
TEST_09562,2
TEST_09563,1
TEST_09564,0
TEST_09565,2
TEST_09566,0
TEST_09567,1
TEST_09568,2
TEST_09569,0
TEST_09570,1
TEST_09571,0
TEST_09572,2
TEST_09573,2
TEST_09574,2
TEST_09575,1
TEST_09576,2
TEST_09577,0
TEST_09578,2
TEST_09579,2
TEST_09580,1
TEST_09581,0
TEST_09582,1
TEST_09583,1
TEST_09584,2
TEST_09585,1
TEST_09586,1
TEST_09587,2
TEST_09588,0
TEST_09589,0
TEST_09590,2
TEST_09591,1
TEST_09592,2
TEST_09593,0
TEST_09594,0
TEST_09595,2
TEST_09596,0
TEST_09597,2
TEST_09598,0
TEST_09599,2
TEST_09600,2
TEST_09601,0
TEST_09602,0
TEST_09603,0
TEST_09604,0
TEST_09605,2
TEST_09606,1
TEST_09607,0
TEST_09608,2
TEST_09609,2
TEST_09610,2
TEST_09611,2
TEST_09612,0
TEST_09613,0
TEST_09614,0
TEST_09615,1
TEST_09616,0
TEST_09617,1
TEST_09618,2
TEST_09619,1
TEST_09620,0
TEST_09621,0
TEST_09622,2
TEST_09623,0
TEST_09624,2
TEST_09625,0
TEST_09626,0
TEST_09627,2
TEST_09628,1
TEST_09629,1
TEST_09630,2
TEST_09631,0
TEST_09632,2
TEST_09633,0
TEST_09634,2
TEST_09635,1
TEST_09636,1
TEST_09637,2
TEST_09638,0
TEST_09639,0
TEST_09640,1
TEST_09641,1
TEST_09642,2
TEST_09643,0
TEST_09644,0
TEST_09645,2
TEST_09646,2
TEST_09647,2
TEST_09648,0
TEST_09649,0
TEST_09650,2
TEST_09651,0
TEST_09652,0
TEST_09653,1
TEST_09654,2
TEST_09655,1
TEST_09656,0
TEST_09657,2
TEST_09658,1
TEST_09659,2
TEST_09660,0
TEST_09661,2
TEST_09662,1
TEST_09663,2
TEST_09664,1
TEST_09665,0
TEST_09666,1
TEST_09667,1
TEST_09668,2
TEST_09669,2
TEST_09670,0
TEST_09671,0
TEST_09672,1
TEST_09673,0
TEST_09674,2
TEST_09675,2
TEST_09676,0
TEST_09677,1
TEST_09678,1
TEST_09679,2
TEST_09680,2
TEST_09681,2
TEST_09682,2
TEST_09683,0
TEST_09684,0
TEST_09685,2
TEST_09686,2
TEST_09687,2
TEST_09688,0
TEST_09689,2
TEST_09690,0
TEST_09691,2
TEST_09692,2
TEST_09693,1
TEST_09694,0
TEST_09695,1
TEST_09696,1
TEST_09697,2
TEST_09698,2
TEST_09699,0
TEST_09700,0
TEST_09701,0
TEST_09702,0
TEST_09703,2
TEST_09704,1
TEST_09705,1
TEST_09706,2
TEST_09707,0
TEST_09708,1
TEST_09709,2
TEST_09710,2
TEST_09711,2
TEST_09712,2
TEST_09713,2
TEST_09714,0
TEST_09715,2
TEST_09716,2
TEST_09717,2
TEST_09718,2
TEST_09719,2
TEST_09720,0
TEST_09721,0
TEST_09722,0
TEST_09723,1
TEST_09724,2
TEST_09725,0
TEST_09726,2
TEST_09727,2
TEST_09728,1
TEST_09729,2
TEST_09730,2
TEST_09731,1
TEST_09732,2
TEST_09733,1
TEST_09734,0
TEST_09735,0
TEST_09736,1
TEST_09737,0
TEST_09738,2
TEST_09739,0
TEST_09740,2
TEST_09741,2
TEST_09742,0
TEST_09743,2
TEST_09744,0
TEST_09745,2
TEST_09746,1
TEST_09747,1
TEST_09748,1
TEST_09749,1
TEST_09750,2
TEST_09751,1
TEST_09752,0
TEST_09753,0
TEST_09754,0
TEST_09755,0
TEST_09756,2
TEST_09757,2
TEST_09758,0
TEST_09759,0
TEST_09760,0
TEST_09761,0
TEST_09762,2
TEST_09763,0
TEST_09764,2
TEST_09765,0
TEST_09766,0
TEST_09767,0
TEST_09768,0
TEST_09769,0
TEST_09770,1
TEST_09771,2
TEST_09772,2
TEST_09773,0
TEST_09774,0
TEST_09775,0
TEST_09776,0
TEST_09777,1
TEST_09778,2
TEST_09779,0
TEST_09780,2
TEST_09781,0
TEST_09782,0
TEST_09783,0
TEST_09784,0
TEST_09785,2
TEST_09786,2
TEST_09787,2
TEST_09788,2
TEST_09789,0
TEST_09790,1
TEST_09791,2
TEST_09792,0
TEST_09793,0
TEST_09794,2
TEST_09795,2
TEST_09796,1
TEST_09797,1
TEST_09798,2
TEST_09799,0
TEST_09800,1
TEST_09801,0
TEST_09802,1
TEST_09803,1
TEST_09804,0
TEST_09805,2
TEST_09806,2
TEST_09807,0
TEST_09808,1
TEST_09809,1
TEST_09810,2
TEST_09811,2
TEST_09812,0
TEST_09813,0
TEST_09814,0
TEST_09815,0
TEST_09816,1
TEST_09817,2
TEST_09818,0
TEST_09819,2
TEST_09820,2
TEST_09821,0
TEST_09822,0
TEST_09823,2
TEST_09824,2
TEST_09825,2
TEST_09826,0
TEST_09827,2
TEST_09828,2
TEST_09829,0
TEST_09830,2
TEST_09831,2
TEST_09832,2
TEST_09833,2
TEST_09834,2
TEST_09835,2
TEST_09836,1
TEST_09837,2
TEST_09838,0
TEST_09839,2
TEST_09840,0
TEST_09841,1
TEST_09842,0
TEST_09843,2
TEST_09844,0
TEST_09845,2
TEST_09846,1
TEST_09847,2
TEST_09848,2
TEST_09849,2
TEST_09850,0
TEST_09851,0
TEST_09852,0
TEST_09853,2
TEST_09854,2
TEST_09855,0
TEST_09856,2
TEST_09857,0
TEST_09858,2
TEST_09859,1
TEST_09860,2
TEST_09861,0
TEST_09862,0
TEST_09863,2
TEST_09864,2
TEST_09865,0
TEST_09866,0
TEST_09867,2
TEST_09868,0
TEST_09869,1
TEST_09870,2
TEST_09871,1
TEST_09872,1
TEST_09873,0
TEST_09874,1
TEST_09875,2
TEST_09876,0
TEST_09877,2
TEST_09878,2
TEST_09879,2
TEST_09880,2
TEST_09881,2
TEST_09882,2
TEST_09883,1
TEST_09884,1
TEST_09885,1
TEST_09886,2
TEST_09887,0
TEST_09888,0
TEST_09889,2
TEST_09890,0
TEST_09891,0
TEST_09892,2
TEST_09893,0
TEST_09894,1
TEST_09895,0
TEST_09896,1
TEST_09897,2
TEST_09898,1
TEST_09899,2
TEST_09900,0
TEST_09901,0
TEST_09902,2
TEST_09903,2
TEST_09904,0
TEST_09905,2
TEST_09906,2
TEST_09907,2
TEST_09908,1
TEST_09909,2
TEST_09910,0
TEST_09911,1
TEST_09912,1
TEST_09913,0
TEST_09914,2
TEST_09915,2
TEST_09916,2
TEST_09917,1
TEST_09918,2
TEST_09919,2
TEST_09920,2
TEST_09921,2
TEST_09922,2
TEST_09923,1
TEST_09924,1
TEST_09925,2
TEST_09926,1
TEST_09927,2
TEST_09928,0
TEST_09929,0
TEST_09930,2
TEST_09931,2
TEST_09932,2
TEST_09933,0
TEST_09934,2
TEST_09935,0
TEST_09936,0
TEST_09937,0
TEST_09938,1
TEST_09939,2
TEST_09940,0
TEST_09941,2
TEST_09942,0
TEST_09943,0
TEST_09944,0
TEST_09945,2
TEST_09946,0
TEST_09947,0
TEST_09948,0
TEST_09949,1
TEST_09950,2
TEST_09951,0
TEST_09952,2
TEST_09953,2
TEST_09954,1
TEST_09955,0
TEST_09956,0
TEST_09957,2
TEST_09958,2
TEST_09959,2
TEST_09960,1
TEST_09961,2
TEST_09962,1
TEST_09963,0
TEST_09964,2
TEST_09965,2
TEST_09966,0
TEST_09967,2
TEST_09968,0
TEST_09969,2
TEST_09970,2
TEST_09971,0
TEST_09972,1
TEST_09973,1
TEST_09974,0
TEST_09975,1
TEST_09976,0
TEST_09977,1
TEST_09978,0
TEST_09979,2
TEST_09980,0
TEST_09981,0
TEST_09982,2
TEST_09983,2
TEST_09984,2
TEST_09985,1
TEST_09986,2
TEST_09987,2
TEST_09988,2
TEST_09989,1
TEST_09990,1
TEST_09991,2
TEST_09992,0
TEST_09993,2
TEST_09994,0
TEST_09995,1
TEST_09996,2
TEST_09997,2
TEST_09998,2
TEST_09999,1
TEST_10000,0
TEST_10001,1
TEST_10002,1
TEST_10003,0
TEST_10004,1
TEST_10005,0
TEST_10006,1
TEST_10007,1
TEST_10008,0
TEST_10009,2
TEST_10010,0
TEST_10011,1
TEST_10012,0
TEST_10013,0
TEST_10014,2
TEST_10015,0
TEST_10016,1
TEST_10017,2
TEST_10018,0
TEST_10019,0
TEST_10020,2
TEST_10021,0
TEST_10022,0
TEST_10023,1
TEST_10024,1
TEST_10025,0
TEST_10026,0
TEST_10027,0
TEST_10028,1
TEST_10029,0
TEST_10030,2
TEST_10031,1
TEST_10032,1
TEST_10033,2
TEST_10034,2
TEST_10035,1
TEST_10036,2
TEST_10037,2
TEST_10038,2
TEST_10039,2
TEST_10040,0
TEST_10041,2
TEST_10042,2
TEST_10043,0
TEST_10044,0
TEST_10045,0
TEST_10046,2
TEST_10047,0
TEST_10048,1
TEST_10049,0
TEST_10050,2
TEST_10051,0
TEST_10052,2
TEST_10053,1
TEST_10054,2
TEST_10055,2
TEST_10056,2
TEST_10057,0
TEST_10058,1
TEST_10059,2
TEST_10060,1
TEST_10061,0
TEST_10062,2
TEST_10063,0
TEST_10064,2
TEST_10065,1
TEST_10066,1
TEST_10067,2
TEST_10068,0
TEST_10069,0
TEST_10070,1
TEST_10071,1
TEST_10072,0
TEST_10073,0
TEST_10074,2
TEST_10075,0
TEST_10076,0
TEST_10077,1
TEST_10078,2
TEST_10079,2
TEST_10080,0
TEST_10081,2
TEST_10082,2
TEST_10083,1
TEST_10084,2
TEST_10085,2
TEST_10086,1
TEST_10087,1
TEST_10088,2
TEST_10089,1
TEST_10090,2
TEST_10091,0
TEST_10092,0
TEST_10093,0
TEST_10094,0
TEST_10095,2
TEST_10096,1
TEST_10097,0
TEST_10098,2
TEST_10099,1
TEST_10100,2
TEST_10101,0
TEST_10102,2
TEST_10103,2
TEST_10104,1
TEST_10105,2
TEST_10106,2
TEST_10107,0
TEST_10108,0
TEST_10109,0
TEST_10110,2
TEST_10111,1
TEST_10112,0
TEST_10113,0
TEST_10114,0
TEST_10115,1
TEST_10116,1
TEST_10117,1
TEST_10118,0
TEST_10119,2
TEST_10120,2
TEST_10121,2
TEST_10122,1
TEST_10123,0
TEST_10124,2
TEST_10125,2
TEST_10126,0
TEST_10127,2
TEST_10128,2
TEST_10129,1
TEST_10130,2
TEST_10131,0
TEST_10132,2
TEST_10133,2
TEST_10134,0
TEST_10135,0
TEST_10136,2
TEST_10137,0
TEST_10138,2
TEST_10139,2
TEST_10140,0
TEST_10141,0
TEST_10142,0
TEST_10143,0
TEST_10144,0
TEST_10145,0
TEST_10146,1
TEST_10147,1
TEST_10148,2
TEST_10149,0
TEST_10150,0
TEST_10151,2
TEST_10152,0
TEST_10153,1
TEST_10154,2
TEST_10155,0
TEST_10156,1
TEST_10157,0
TEST_10158,2
TEST_10159,2
TEST_10160,2
TEST_10161,1
TEST_10162,2
TEST_10163,2
TEST_10164,2
TEST_10165,0
TEST_10166,2
TEST_10167,2
TEST_10168,0
TEST_10169,0
TEST_10170,0
TEST_10171,2
TEST_10172,0
TEST_10173,0
TEST_10174,2
TEST_10175,0
TEST_10176,0
TEST_10177,1
TEST_10178,0
TEST_10179,2
TEST_10180,2
TEST_10181,2
TEST_10182,0
TEST_10183,1
TEST_10184,0
TEST_10185,0
TEST_10186,0
TEST_10187,2
TEST_10188,1
TEST_10189,2
TEST_10190,1
TEST_10191,0
TEST_10192,0
TEST_10193,0
TEST_10194,1
TEST_10195,2
TEST_10196,2
TEST_10197,0
TEST_10198,2
TEST_10199,2
TEST_10200,0
TEST_10201,2
TEST_10202,0
TEST_10203,0
TEST_10204,2
TEST_10205,2
TEST_10206,2
TEST_10207,0
TEST_10208,2
TEST_10209,1
TEST_10210,1
TEST_10211,2
TEST_10212,1
TEST_10213,2
TEST_10214,2
TEST_10215,0
TEST_10216,2
TEST_10217,0
TEST_10218,1
TEST_10219,2
TEST_10220,1
TEST_10221,2
TEST_10222,0
TEST_10223,1
TEST_10224,2
TEST_10225,0
TEST_10226,2
TEST_10227,1
TEST_10228,0
TEST_10229,0
TEST_10230,1
TEST_10231,2
TEST_10232,1
TEST_10233,0
TEST_10234,2
TEST_10235,2
TEST_10236,2
TEST_10237,2
TEST_10238,1
TEST_10239,2
TEST_10240,2
TEST_10241,0
TEST_10242,0
TEST_10243,0
TEST_10244,0
TEST_10245,2
TEST_10246,0
TEST_10247,0
TEST_10248,1
TEST_10249,2
TEST_10250,2
TEST_10251,1
TEST_10252,0
TEST_10253,2
TEST_10254,2
TEST_10255,2
TEST_10256,0
TEST_10257,2
TEST_10258,2
TEST_10259,0
TEST_10260,2
TEST_10261,1
TEST_10262,2
TEST_10263,1
TEST_10264,1
TEST_10265,2
TEST_10266,1
TEST_10267,2
TEST_10268,2
TEST_10269,2
TEST_10270,0
TEST_10271,2
TEST_10272,2
TEST_10273,2
TEST_10274,2
TEST_10275,0
TEST_10276,0
TEST_10277,1
TEST_10278,0
TEST_10279,0
TEST_10280,0
TEST_10281,1
TEST_10282,0
TEST_10283,2
TEST_10284,2
TEST_10285,2
TEST_10286,2
TEST_10287,0
TEST_10288,0
TEST_10289,1
TEST_10290,1
TEST_10291,2
TEST_10292,2
TEST_10293,0
TEST_10294,2
TEST_10295,0
TEST_10296,1
TEST_10297,2
TEST_10298,2
TEST_10299,1
TEST_10300,0
TEST_10301,0
TEST_10302,1
TEST_10303,2
TEST_10304,1
TEST_10305,2
TEST_10306,2
TEST_10307,2
TEST_10308,2
TEST_10309,2
TEST_10310,2
TEST_10311,2
TEST_10312,2
TEST_10313,1
TEST_10314,1
TEST_10315,2
TEST_10316,2
TEST_10317,2
TEST_10318,0
TEST_10319,2
TEST_10320,2
TEST_10321,2
TEST_10322,2
TEST_10323,0
TEST_10324,2
TEST_10325,2
TEST_10326,0
TEST_10327,2
TEST_10328,2
TEST_10329,2
TEST_10330,2
TEST_10331,0
TEST_10332,2
TEST_10333,2
TEST_10334,1
TEST_10335,2
TEST_10336,1
TEST_10337,0
TEST_10338,0
TEST_10339,1
TEST_10340,0
TEST_10341,1
TEST_10342,0
TEST_10343,2
TEST_10344,1
TEST_10345,0
TEST_10346,2
TEST_10347,2
TEST_10348,2
TEST_10349,2
TEST_10350,2
TEST_10351,0
TEST_10352,2
TEST_10353,2
TEST_10354,2
TEST_10355,0
TEST_10356,2
TEST_10357,1
TEST_10358,1
TEST_10359,2
TEST_10360,2
TEST_10361,1
TEST_10362,2
TEST_10363,2
TEST_10364,1
TEST_10365,1
TEST_10366,0
TEST_10367,2
TEST_10368,2
TEST_10369,2
TEST_10370,2
TEST_10371,2
TEST_10372,0
TEST_10373,0
TEST_10374,1
TEST_10375,2
TEST_10376,2
TEST_10377,2
TEST_10378,2
TEST_10379,0
TEST_10380,1
TEST_10381,1
TEST_10382,2
TEST_10383,0
TEST_10384,1
TEST_10385,0
TEST_10386,2
TEST_10387,0
TEST_10388,1
TEST_10389,1
TEST_10390,2
TEST_10391,2
TEST_10392,2
TEST_10393,1
TEST_10394,2
TEST_10395,2
TEST_10396,2
TEST_10397,2
TEST_10398,2
TEST_10399,0
TEST_10400,1
TEST_10401,0
TEST_10402,1
TEST_10403,1
TEST_10404,0
TEST_10405,2
TEST_10406,2
TEST_10407,2
TEST_10408,2
TEST_10409,0
TEST_10410,0
TEST_10411,2
TEST_10412,1
TEST_10413,2
TEST_10414,0
TEST_10415,0
TEST_10416,0
TEST_10417,2
TEST_10418,0
TEST_10419,1
TEST_10420,2
TEST_10421,0
TEST_10422,2
TEST_10423,2
TEST_10424,0
TEST_10425,1
TEST_10426,2
TEST_10427,0
TEST_10428,0
TEST_10429,1
TEST_10430,2
TEST_10431,1
TEST_10432,0
TEST_10433,0
TEST_10434,1
TEST_10435,0
TEST_10436,2
TEST_10437,2
TEST_10438,2
TEST_10439,2
TEST_10440,1
TEST_10441,2
TEST_10442,1
TEST_10443,0
TEST_10444,0
TEST_10445,2
TEST_10446,0
TEST_10447,2
TEST_10448,0
TEST_10449,0
TEST_10450,0
TEST_10451,2
TEST_10452,2
TEST_10453,0
TEST_10454,2
TEST_10455,1
TEST_10456,0
TEST_10457,1
TEST_10458,0
TEST_10459,1
TEST_10460,0
TEST_10461,0
TEST_10462,2
TEST_10463,0
TEST_10464,1
TEST_10465,2
TEST_10466,0
TEST_10467,2
TEST_10468,1
TEST_10469,2
TEST_10470,1
TEST_10471,2
TEST_10472,0
TEST_10473,1
TEST_10474,0
TEST_10475,2
TEST_10476,2
TEST_10477,0
TEST_10478,1
TEST_10479,2
TEST_10480,1
TEST_10481,2
TEST_10482,1
TEST_10483,0
TEST_10484,2
TEST_10485,0
TEST_10486,2
TEST_10487,1
TEST_10488,2
TEST_10489,0
TEST_10490,2
TEST_10491,2
TEST_10492,0
TEST_10493,1
TEST_10494,0
TEST_10495,2
TEST_10496,2
TEST_10497,1
TEST_10498,2
TEST_10499,2
TEST_10500,1
TEST_10501,1
TEST_10502,2
TEST_10503,2
TEST_10504,0
TEST_10505,0
TEST_10506,0
TEST_10507,1
TEST_10508,2
TEST_10509,0
TEST_10510,0
TEST_10511,2
TEST_10512,1
TEST_10513,2
TEST_10514,2
TEST_10515,0
TEST_10516,1
TEST_10517,2
TEST_10518,0
TEST_10519,1
TEST_10520,2
TEST_10521,1
TEST_10522,1
TEST_10523,0
TEST_10524,1
TEST_10525,2
TEST_10526,1
TEST_10527,2
TEST_10528,0
TEST_10529,2
TEST_10530,0
TEST_10531,2
TEST_10532,1
TEST_10533,0
TEST_10534,1
TEST_10535,1
TEST_10536,0
TEST_10537,2
TEST_10538,2
TEST_10539,0
TEST_10540,0
TEST_10541,2
TEST_10542,0
TEST_10543,2
TEST_10544,1
TEST_10545,1
TEST_10546,2
TEST_10547,2
TEST_10548,2
TEST_10549,1
TEST_10550,2
TEST_10551,0
TEST_10552,2
TEST_10553,0
TEST_10554,0
TEST_10555,2
TEST_10556,1
TEST_10557,2
TEST_10558,1
TEST_10559,0
TEST_10560,2
TEST_10561,2
TEST_10562,1
TEST_10563,0
TEST_10564,1
TEST_10565,2
TEST_10566,1
TEST_10567,0
TEST_10568,2
TEST_10569,2
TEST_10570,0
TEST_10571,2
TEST_10572,2
TEST_10573,0
TEST_10574,2
TEST_10575,0
TEST_10576,2
TEST_10577,1
TEST_10578,2
TEST_10579,0
TEST_10580,0
TEST_10581,2
TEST_10582,1
TEST_10583,1
TEST_10584,2
TEST_10585,1
TEST_10586,0
TEST_10587,2
TEST_10588,1
TEST_10589,2
TEST_10590,1
TEST_10591,2
TEST_10592,1
TEST_10593,2
TEST_10594,2
TEST_10595,2
TEST_10596,0
TEST_10597,1
TEST_10598,2
TEST_10599,2
TEST_10600,1
TEST_10601,2
TEST_10602,1
TEST_10603,0
TEST_10604,0
TEST_10605,0
TEST_10606,0
TEST_10607,2
TEST_10608,0
TEST_10609,0
TEST_10610,2
TEST_10611,1
TEST_10612,0
TEST_10613,0
TEST_10614,2
TEST_10615,0
TEST_10616,2
TEST_10617,1
TEST_10618,0
TEST_10619,0
TEST_10620,2
TEST_10621,1
TEST_10622,2
TEST_10623,2
TEST_10624,0
TEST_10625,1
TEST_10626,2
TEST_10627,1
TEST_10628,0
TEST_10629,2
TEST_10630,1
TEST_10631,0
TEST_10632,2
TEST_10633,2
TEST_10634,1
TEST_10635,0
TEST_10636,1
TEST_10637,2
TEST_10638,2
TEST_10639,0
TEST_10640,2
TEST_10641,2
TEST_10642,2
TEST_10643,0
TEST_10644,1
TEST_10645,0
TEST_10646,2
TEST_10647,1
TEST_10648,0
TEST_10649,2
TEST_10650,2
TEST_10651,2
TEST_10652,0
TEST_10653,0
TEST_10654,2
TEST_10655,2
TEST_10656,0
TEST_10657,2
TEST_10658,1
TEST_10659,2
TEST_10660,1
TEST_10661,0
TEST_10662,2
TEST_10663,1
TEST_10664,2
TEST_10665,1
TEST_10666,0
TEST_10667,2
TEST_10668,0
TEST_10669,2
TEST_10670,0
TEST_10671,2
TEST_10672,2
TEST_10673,2
TEST_10674,2
TEST_10675,0
TEST_10676,1
TEST_10677,0
TEST_10678,2
TEST_10679,0
TEST_10680,0
TEST_10681,1
TEST_10682,1
TEST_10683,2
TEST_10684,2
TEST_10685,0
TEST_10686,1
TEST_10687,0
TEST_10688,2
TEST_10689,1
TEST_10690,1
TEST_10691,0
TEST_10692,1
TEST_10693,0
TEST_10694,0
TEST_10695,2
TEST_10696,0
TEST_10697,2
TEST_10698,2
TEST_10699,1
TEST_10700,0
TEST_10701,2
TEST_10702,0
TEST_10703,2
TEST_10704,2
TEST_10705,0
TEST_10706,1
TEST_10707,1
TEST_10708,0
TEST_10709,1
TEST_10710,1
TEST_10711,1
TEST_10712,0
TEST_10713,1
TEST_10714,2
TEST_10715,2
TEST_10716,2
TEST_10717,2
TEST_10718,1
TEST_10719,2
TEST_10720,2
TEST_10721,2
TEST_10722,2
TEST_10723,1
TEST_10724,2
TEST_10725,1
TEST_10726,0
TEST_10727,1
TEST_10728,0
TEST_10729,2
TEST_10730,0
TEST_10731,1
TEST_10732,2
TEST_10733,1
TEST_10734,2
TEST_10735,2
TEST_10736,1
TEST_10737,2
TEST_10738,2
TEST_10739,2
TEST_10740,2
TEST_10741,0
TEST_10742,0
TEST_10743,2
TEST_10744,2
TEST_10745,0
TEST_10746,0
TEST_10747,0
TEST_10748,2
TEST_10749,0
TEST_10750,1
TEST_10751,2
TEST_10752,0
TEST_10753,0
TEST_10754,1
TEST_10755,2
TEST_10756,0
TEST_10757,0
TEST_10758,0
TEST_10759,2
TEST_10760,1
TEST_10761,1
TEST_10762,2
TEST_10763,0
TEST_10764,0
TEST_10765,1
TEST_10766,1
TEST_10767,2
TEST_10768,0
TEST_10769,2
TEST_10770,0
TEST_10771,2
TEST_10772,0
TEST_10773,1
TEST_10774,0
TEST_10775,2
TEST_10776,2
TEST_10777,2
TEST_10778,2
TEST_10779,0
TEST_10780,0
TEST_10781,0
TEST_10782,2
TEST_10783,1
TEST_10784,1
TEST_10785,2
TEST_10786,0
TEST_10787,1
TEST_10788,1
TEST_10789,2
TEST_10790,2
TEST_10791,2
TEST_10792,2
TEST_10793,0
TEST_10794,2
TEST_10795,1
TEST_10796,2
TEST_10797,0
TEST_10798,1
TEST_10799,2
TEST_10800,2
TEST_10801,2
TEST_10802,2
TEST_10803,2
TEST_10804,2
TEST_10805,2
TEST_10806,2
TEST_10807,2
TEST_10808,0
TEST_10809,2
TEST_10810,2
TEST_10811,0
TEST_10812,1
TEST_10813,1
TEST_10814,1
TEST_10815,2
TEST_10816,2
TEST_10817,2
TEST_10818,2
TEST_10819,2
TEST_10820,1
TEST_10821,2
TEST_10822,0
TEST_10823,0
TEST_10824,0
TEST_10825,2
TEST_10826,0
TEST_10827,2
TEST_10828,0
TEST_10829,2
TEST_10830,2
TEST_10831,1
TEST_10832,2
TEST_10833,1
TEST_10834,1
TEST_10835,0
TEST_10836,0
TEST_10837,2
TEST_10838,2
TEST_10839,0
TEST_10840,2
TEST_10841,1
TEST_10842,0
TEST_10843,1
TEST_10844,1
TEST_10845,2
TEST_10846,0
TEST_10847,1
TEST_10848,1
TEST_10849,2
TEST_10850,0
TEST_10851,0
TEST_10852,2
TEST_10853,2
TEST_10854,2
TEST_10855,2
TEST_10856,1
TEST_10857,0
TEST_10858,2
TEST_10859,0
TEST_10860,1
TEST_10861,0
TEST_10862,2
TEST_10863,2
TEST_10864,2
TEST_10865,1
TEST_10866,1
TEST_10867,2
TEST_10868,1
TEST_10869,0
TEST_10870,1
TEST_10871,2
TEST_10872,0
TEST_10873,2
TEST_10874,1
TEST_10875,1
TEST_10876,1
TEST_10877,2
TEST_10878,0
TEST_10879,0
TEST_10880,0
TEST_10881,2
TEST_10882,2
TEST_10883,2
TEST_10884,0
TEST_10885,2
TEST_10886,2
TEST_10887,0
TEST_10888,0
TEST_10889,2
TEST_10890,2
TEST_10891,2
TEST_10892,1
TEST_10893,2
TEST_10894,2
TEST_10895,2
TEST_10896,0
TEST_10897,1
TEST_10898,0
TEST_10899,1
TEST_10900,0
TEST_10901,2
TEST_10902,2
TEST_10903,1
TEST_10904,0
TEST_10905,1
TEST_10906,0
TEST_10907,1
TEST_10908,0
TEST_10909,0
TEST_10910,2
TEST_10911,2
TEST_10912,2
TEST_10913,0
TEST_10914,2
TEST_10915,2
TEST_10916,0
TEST_10917,0
TEST_10918,0
TEST_10919,0
TEST_10920,0
TEST_10921,2
TEST_10922,2
TEST_10923,2
TEST_10924,2
TEST_10925,1
TEST_10926,0
TEST_10927,0
TEST_10928,1
TEST_10929,2
TEST_10930,1
TEST_10931,2
TEST_10932,1
TEST_10933,2
TEST_10934,0
TEST_10935,0
TEST_10936,0
TEST_10937,1
TEST_10938,0
TEST_10939,0
TEST_10940,0
TEST_10941,0
TEST_10942,2
TEST_10943,1
TEST_10944,0
TEST_10945,0
TEST_10946,1
TEST_10947,1
TEST_10948,0
TEST_10949,1
TEST_10950,2
TEST_10951,1
TEST_10952,2
TEST_10953,0
TEST_10954,2
TEST_10955,2
TEST_10956,2
TEST_10957,1
TEST_10958,0
TEST_10959,1
TEST_10960,1
TEST_10961,0
TEST_10962,2
TEST_10963,2
TEST_10964,2
TEST_10965,2
TEST_10966,2
TEST_10967,2
TEST_10968,0
TEST_10969,0
TEST_10970,2
TEST_10971,0
TEST_10972,0
TEST_10973,2
TEST_10974,2
TEST_10975,0
TEST_10976,1
TEST_10977,1
TEST_10978,0
TEST_10979,2
TEST_10980,0
TEST_10981,2
TEST_10982,2
TEST_10983,1
TEST_10984,0
TEST_10985,1
TEST_10986,2
TEST_10987,0
TEST_10988,0
TEST_10989,1
TEST_10990,1
TEST_10991,0
TEST_10992,1
TEST_10993,0
TEST_10994,1
TEST_10995,1
TEST_10996,2
TEST_10997,0
TEST_10998,2
TEST_10999,2
TEST_11000,2
TEST_11001,1
TEST_11002,2
TEST_11003,2
TEST_11004,0
TEST_11005,1
TEST_11006,1
TEST_11007,2
TEST_11008,1
TEST_11009,2
TEST_11010,2
TEST_11011,2
TEST_11012,0
TEST_11013,2
TEST_11014,0
TEST_11015,0
TEST_11016,0
TEST_11017,2
TEST_11018,0
TEST_11019,2
TEST_11020,2
TEST_11021,2
TEST_11022,1
TEST_11023,1
TEST_11024,0
TEST_11025,0
TEST_11026,2
TEST_11027,2
TEST_11028,0
TEST_11029,0
TEST_11030,2
TEST_11031,2
TEST_11032,1
TEST_11033,0
TEST_11034,1
TEST_11035,2
TEST_11036,1
TEST_11037,0
TEST_11038,2
TEST_11039,1
TEST_11040,0
TEST_11041,1
TEST_11042,2
TEST_11043,2
TEST_11044,1
TEST_11045,0
TEST_11046,1
TEST_11047,2
TEST_11048,0
TEST_11049,2
TEST_11050,2
TEST_11051,2
TEST_11052,2
TEST_11053,0
TEST_11054,0
TEST_11055,1
TEST_11056,2
TEST_11057,2
TEST_11058,1
TEST_11059,2
TEST_11060,2
TEST_11061,1
TEST_11062,1
TEST_11063,2
TEST_11064,1
TEST_11065,2
TEST_11066,0
TEST_11067,0
TEST_11068,0
TEST_11069,0
TEST_11070,2
TEST_11071,2
TEST_11072,0
TEST_11073,2
TEST_11074,1
TEST_11075,0
TEST_11076,2
TEST_11077,1
TEST_11078,1
TEST_11079,0
TEST_11080,0
TEST_11081,0
TEST_11082,1
TEST_11083,2
TEST_11084,1
TEST_11085,2
TEST_11086,0
TEST_11087,1
TEST_11088,0
TEST_11089,2
TEST_11090,1
TEST_11091,0
TEST_11092,2
TEST_11093,1
TEST_11094,2
TEST_11095,2
TEST_11096,1
TEST_11097,1
TEST_11098,0
TEST_11099,0
TEST_11100,2
TEST_11101,0
TEST_11102,2
TEST_11103,0
TEST_11104,2
TEST_11105,1
TEST_11106,1
TEST_11107,0
TEST_11108,0
TEST_11109,1
TEST_11110,0
TEST_11111,0
TEST_11112,2
TEST_11113,2
TEST_11114,1
TEST_11115,1
TEST_11116,1
TEST_11117,1
TEST_11118,0
TEST_11119,2
TEST_11120,2
TEST_11121,2
TEST_11122,2
TEST_11123,2
TEST_11124,2
TEST_11125,2
TEST_11126,2
TEST_11127,0
TEST_11128,0
TEST_11129,0
TEST_11130,0
TEST_11131,0
TEST_11132,0
TEST_11133,1
TEST_11134,2
TEST_11135,1
TEST_11136,2
TEST_11137,1
TEST_11138,0
TEST_11139,1
TEST_11140,2
TEST_11141,2
TEST_11142,2
TEST_11143,2
TEST_11144,0
TEST_11145,0
TEST_11146,1
TEST_11147,0
TEST_11148,0
TEST_11149,0
TEST_11150,2
TEST_11151,0
TEST_11152,2
TEST_11153,0
TEST_11154,0
TEST_11155,0
TEST_11156,2
TEST_11157,1
TEST_11158,2
TEST_11159,0
TEST_11160,2
TEST_11161,1
TEST_11162,0
TEST_11163,2
TEST_11164,2
TEST_11165,2
TEST_11166,2
TEST_11167,1
TEST_11168,0
TEST_11169,2
TEST_11170,0
TEST_11171,1
TEST_11172,1
TEST_11173,1
TEST_11174,1
TEST_11175,2
TEST_11176,2
TEST_11177,0
TEST_11178,0
TEST_11179,0
TEST_11180,0
TEST_11181,1
TEST_11182,0
TEST_11183,1
TEST_11184,2
TEST_11185,0
TEST_11186,2
TEST_11187,0
TEST_11188,2
TEST_11189,0
TEST_11190,1
TEST_11191,0
TEST_11192,1
TEST_11193,1
TEST_11194,2
TEST_11195,2
TEST_11196,1
TEST_11197,2
TEST_11198,1
TEST_11199,2
TEST_11200,1
TEST_11201,1
TEST_11202,2
TEST_11203,2
TEST_11204,2
TEST_11205,2
TEST_11206,0
TEST_11207,2
TEST_11208,0
TEST_11209,0
TEST_11210,0
TEST_11211,0
TEST_11212,1
TEST_11213,1
TEST_11214,2
TEST_11215,0
TEST_11216,0
TEST_11217,1
TEST_11218,0
TEST_11219,1
TEST_11220,2
TEST_11221,2
TEST_11222,2
TEST_11223,2
TEST_11224,2
TEST_11225,1
TEST_11226,0
TEST_11227,0
TEST_11228,0
TEST_11229,2
TEST_11230,2
TEST_11231,2
TEST_11232,2
TEST_11233,0
TEST_11234,1
TEST_11235,2
TEST_11236,2
TEST_11237,0
TEST_11238,0
TEST_11239,0
TEST_11240,0
TEST_11241,0
TEST_11242,2
TEST_11243,0
TEST_11244,2
TEST_11245,2
TEST_11246,0
TEST_11247,1
TEST_11248,2
TEST_11249,1
TEST_11250,1
TEST_11251,2
TEST_11252,1
TEST_11253,1
TEST_11254,2
TEST_11255,0
TEST_11256,1
TEST_11257,2
TEST_11258,0
TEST_11259,2
TEST_11260,0
TEST_11261,0
TEST_11262,0
TEST_11263,0
TEST_11264,1
TEST_11265,2
TEST_11266,2
TEST_11267,2
TEST_11268,1
TEST_11269,2
TEST_11270,1
TEST_11271,1
TEST_11272,0
TEST_11273,2
TEST_11274,2
TEST_11275,2
TEST_11276,2
TEST_11277,2
TEST_11278,2
TEST_11279,0
TEST_11280,1
TEST_11281,0
TEST_11282,2
TEST_11283,0
TEST_11284,1
TEST_11285,1
TEST_11286,2
TEST_11287,0
TEST_11288,2
TEST_11289,1
TEST_11290,2
TEST_11291,2
TEST_11292,2
TEST_11293,2
TEST_11294,1
TEST_11295,1
TEST_11296,0
TEST_11297,2
TEST_11298,0
TEST_11299,1
TEST_11300,0
TEST_11301,1
TEST_11302,2
TEST_11303,2
TEST_11304,2
TEST_11305,2
TEST_11306,0
TEST_11307,1
TEST_11308,2
TEST_11309,2
TEST_11310,2
TEST_11311,2
TEST_11312,0
TEST_11313,0
TEST_11314,0
TEST_11315,0
TEST_11316,2
TEST_11317,1
TEST_11318,1
TEST_11319,2
TEST_11320,2
TEST_11321,0
TEST_11322,2
TEST_11323,1
TEST_11324,0
TEST_11325,0
TEST_11326,2
TEST_11327,2
TEST_11328,2
TEST_11329,1
TEST_11330,2
TEST_11331,2
TEST_11332,2
TEST_11333,1
TEST_11334,2
TEST_11335,0
TEST_11336,1
TEST_11337,2
TEST_11338,0
TEST_11339,2
TEST_11340,2
TEST_11341,2
TEST_11342,2
TEST_11343,0
TEST_11344,2
TEST_11345,0
TEST_11346,2
TEST_11347,2
TEST_11348,2
TEST_11349,2
TEST_11350,2
TEST_11351,1
TEST_11352,2
TEST_11353,2
TEST_11354,1
TEST_11355,0
TEST_11356,1
TEST_11357,0
TEST_11358,0
TEST_11359,2
TEST_11360,0
TEST_11361,2
TEST_11362,0
TEST_11363,1
TEST_11364,2
TEST_11365,0
TEST_11366,0
TEST_11367,0
TEST_11368,1
TEST_11369,2
TEST_11370,2
TEST_11371,2
TEST_11372,1
TEST_11373,2
TEST_11374,1
TEST_11375,0
TEST_11376,0
TEST_11377,2
TEST_11378,0
TEST_11379,0
TEST_11380,2
TEST_11381,2
TEST_11382,2
TEST_11383,2
TEST_11384,2
TEST_11385,0
TEST_11386,0
TEST_11387,0
TEST_11388,0
TEST_11389,2
TEST_11390,0
TEST_11391,1
TEST_11392,1
TEST_11393,0
TEST_11394,0
TEST_11395,2
TEST_11396,2
TEST_11397,1
TEST_11398,2
TEST_11399,0
TEST_11400,2
TEST_11401,1
TEST_11402,2
TEST_11403,1
TEST_11404,2
TEST_11405,1
TEST_11406,2
TEST_11407,2
TEST_11408,1
TEST_11409,1
TEST_11410,2
TEST_11411,0
TEST_11412,2
TEST_11413,1
TEST_11414,2
TEST_11415,2
TEST_11416,2
TEST_11417,2
TEST_11418,2
TEST_11419,2
TEST_11420,0
TEST_11421,1
TEST_11422,0
TEST_11423,2
TEST_11424,2
TEST_11425,2
TEST_11426,0
TEST_11427,0
TEST_11428,2
TEST_11429,0
TEST_11430,0
TEST_11431,0
TEST_11432,1
TEST_11433,0
TEST_11434,0
TEST_11435,2
TEST_11436,2
TEST_11437,0
TEST_11438,1
TEST_11439,0
TEST_11440,0
TEST_11441,1
TEST_11442,2
TEST_11443,2
TEST_11444,0
TEST_11445,2
TEST_11446,2
TEST_11447,2
TEST_11448,0
TEST_11449,1
TEST_11450,0
TEST_11451,0
TEST_11452,2
TEST_11453,0
TEST_11454,1
TEST_11455,2
TEST_11456,1
TEST_11457,2
TEST_11458,2
TEST_11459,0
TEST_11460,2
TEST_11461,0
TEST_11462,1
TEST_11463,0
TEST_11464,2
TEST_11465,2
TEST_11466,1
TEST_11467,2
TEST_11468,0
TEST_11469,1
TEST_11470,2
TEST_11471,0
TEST_11472,1
TEST_11473,1
TEST_11474,1
TEST_11475,1
TEST_11476,0
TEST_11477,2
TEST_11478,1
TEST_11479,0
TEST_11480,0
TEST_11481,0
TEST_11482,0
TEST_11483,2
TEST_11484,0
TEST_11485,1
TEST_11486,1
TEST_11487,1
TEST_11488,2
TEST_11489,2
TEST_11490,1
TEST_11491,1
TEST_11492,1
TEST_11493,2
TEST_11494,0
TEST_11495,1
TEST_11496,2
TEST_11497,2
TEST_11498,2
TEST_11499,1
TEST_11500,2
TEST_11501,1
TEST_11502,1
TEST_11503,1
TEST_11504,2
TEST_11505,1
TEST_11506,2
TEST_11507,2
TEST_11508,2
TEST_11509,1
TEST_11510,0
TEST_11511,2
TEST_11512,2
TEST_11513,0
TEST_11514,1
TEST_11515,2
TEST_11516,0
TEST_11517,1
TEST_11518,0
TEST_11519,2
TEST_11520,2
TEST_11521,2
TEST_11522,1
TEST_11523,2
TEST_11524,1
TEST_11525,1
TEST_11526,1
TEST_11527,2
TEST_11528,0
TEST_11529,2
TEST_11530,2
TEST_11531,2
TEST_11532,2
TEST_11533,2
TEST_11534,0
TEST_11535,2
TEST_11536,1
TEST_11537,0
TEST_11538,1
TEST_11539,2
TEST_11540,1
TEST_11541,2
TEST_11542,2
TEST_11543,1
TEST_11544,0
TEST_11545,1
TEST_11546,0
TEST_11547,2
TEST_11548,2
TEST_11549,1
TEST_11550,1
TEST_11551,0
TEST_11552,0
TEST_11553,2
TEST_11554,2
TEST_11555,2
TEST_11556,2
TEST_11557,2
TEST_11558,2
TEST_11559,2
TEST_11560,0
TEST_11561,2
TEST_11562,2
TEST_11563,1
TEST_11564,2
TEST_11565,1
TEST_11566,2
TEST_11567,1
TEST_11568,0
TEST_11569,0
TEST_11570,0
TEST_11571,2
TEST_11572,1
TEST_11573,2
TEST_11574,2
TEST_11575,0
TEST_11576,2
TEST_11577,1
TEST_11578,1
TEST_11579,0
TEST_11580,2
TEST_11581,1
TEST_11582,0
TEST_11583,2
TEST_11584,2
TEST_11585,0
TEST_11586,2
TEST_11587,0
TEST_11588,0
TEST_11589,2
TEST_11590,2
TEST_11591,1
TEST_11592,2
TEST_11593,0
TEST_11594,1
TEST_11595,2
TEST_11596,2
TEST_11597,0
TEST_11598,1
TEST_11599,0
TEST_11600,2
TEST_11601,2
TEST_11602,2
TEST_11603,2
TEST_11604,0
TEST_11605,1
TEST_11606,1
TEST_11607,0
TEST_11608,0
TEST_11609,1
TEST_11610,1
TEST_11611,1
TEST_11612,2
TEST_11613,2
TEST_11614,2
TEST_11615,2
TEST_11616,2
TEST_11617,0
TEST_11618,1
TEST_11619,0
TEST_11620,1
TEST_11621,0
TEST_11622,0
TEST_11623,2
TEST_11624,2
TEST_11625,0
TEST_11626,2
TEST_11627,0
TEST_11628,0
TEST_11629,0
TEST_11630,2
TEST_11631,1
TEST_11632,1
TEST_11633,0
TEST_11634,0
TEST_11635,0
TEST_11636,0
TEST_11637,0
TEST_11638,1
TEST_11639,2
TEST_11640,1
TEST_11641,1
TEST_11642,2
TEST_11643,2
TEST_11644,2
TEST_11645,1
TEST_11646,0
TEST_11647,0
TEST_11648,2
TEST_11649,2
TEST_11650,1
TEST_11651,2
TEST_11652,1
TEST_11653,1
TEST_11654,2
TEST_11655,0
TEST_11656,1
TEST_11657,2
TEST_11658,0
TEST_11659,2
TEST_11660,0
TEST_11661,2
TEST_11662,2
TEST_11663,2
TEST_11664,1
TEST_11665,0
TEST_11666,0
TEST_11667,0
TEST_11668,0
TEST_11669,2
TEST_11670,2
TEST_11671,2
TEST_11672,2
TEST_11673,2
TEST_11674,1
TEST_11675,0
TEST_11676,1
TEST_11677,0
TEST_11678,2
TEST_11679,2
TEST_11680,2
TEST_11681,2
TEST_11682,2
TEST_11683,2
TEST_11684,2
TEST_11685,2
TEST_11686,1
TEST_11687,1
TEST_11688,1
TEST_11689,2
TEST_11690,2
TEST_11691,1
TEST_11692,1
TEST_11693,2
TEST_11694,2
TEST_11695,0
TEST_11696,1
TEST_11697,2
TEST_11698,2
TEST_11699,0
TEST_11700,2
TEST_11701,1
TEST_11702,2
TEST_11703,0
TEST_11704,2
TEST_11705,2
TEST_11706,1
TEST_11707,2
TEST_11708,0
TEST_11709,0
TEST_11710,0
TEST_11711,1
TEST_11712,0
TEST_11713,1
TEST_11714,0
TEST_11715,0
TEST_11716,1
TEST_11717,2
TEST_11718,1
TEST_11719,0
TEST_11720,1
TEST_11721,2
TEST_11722,2
TEST_11723,2
TEST_11724,2
TEST_11725,2
TEST_11726,2
TEST_11727,0
TEST_11728,2
TEST_11729,1
TEST_11730,1
TEST_11731,0
TEST_11732,1
TEST_11733,0
TEST_11734,2
TEST_11735,2
TEST_11736,2
TEST_11737,2
TEST_11738,2
TEST_11739,2
TEST_11740,2
TEST_11741,0
TEST_11742,2
TEST_11743,1
TEST_11744,0
TEST_11745,2
TEST_11746,1
TEST_11747,2
TEST_11748,2
TEST_11749,0
TEST_11750,2
TEST_11751,1
TEST_11752,2
TEST_11753,0
TEST_11754,0
TEST_11755,0
TEST_11756,1
TEST_11757,1
TEST_11758,2
TEST_11759,0
TEST_11760,1
TEST_11761,2
TEST_11762,1
TEST_11763,2
TEST_11764,2
TEST_11765,0
TEST_11766,2
TEST_11767,2
TEST_11768,0
TEST_11769,2
TEST_11770,2
TEST_11771,1
TEST_11772,2
TEST_11773,2
TEST_11774,2
TEST_11775,0
TEST_11776,0
TEST_11777,0
TEST_11778,2
TEST_11779,0
TEST_11780,2
TEST_11781,2
TEST_11782,1
TEST_11783,1
TEST_11784,2
TEST_11785,1
TEST_11786,2
TEST_11787,0
TEST_11788,1
TEST_11789,2
TEST_11790,2
TEST_11791,1
TEST_11792,0
TEST_11793,2
TEST_11794,0
TEST_11795,1
TEST_11796,2
TEST_11797,2
TEST_11798,1
TEST_11799,1
TEST_11800,2
TEST_11801,1
TEST_11802,2
TEST_11803,0
TEST_11804,1
TEST_11805,2
TEST_11806,0
TEST_11807,2
TEST_11808,1
TEST_11809,1
TEST_11810,0
TEST_11811,0
TEST_11812,0
TEST_11813,2
TEST_11814,2
TEST_11815,2
TEST_11816,1
TEST_11817,1
TEST_11818,2
TEST_11819,1
TEST_11820,2
TEST_11821,2
TEST_11822,0
TEST_11823,1
TEST_11824,0
TEST_11825,2
TEST_11826,1
TEST_11827,0
TEST_11828,1
TEST_11829,2
TEST_11830,2
TEST_11831,2
TEST_11832,2
TEST_11833,2
TEST_11834,2
TEST_11835,2
TEST_11836,2
TEST_11837,2
TEST_11838,0
TEST_11839,2
TEST_11840,2
TEST_11841,0
TEST_11842,1
TEST_11843,0
TEST_11844,2
TEST_11845,0
TEST_11846,2
TEST_11847,2
TEST_11848,1
TEST_11849,2
TEST_11850,1
TEST_11851,2
TEST_11852,0
TEST_11853,0
TEST_11854,2
TEST_11855,2
TEST_11856,2
TEST_11857,0
TEST_11858,0
TEST_11859,1
TEST_11860,2
TEST_11861,1
TEST_11862,2
TEST_11863,0
TEST_11864,0
TEST_11865,0
TEST_11866,1
TEST_11867,0
TEST_11868,0
TEST_11869,1
TEST_11870,2
TEST_11871,0
TEST_11872,1
TEST_11873,1
TEST_11874,1
TEST_11875,1
TEST_11876,0
TEST_11877,1
TEST_11878,2
TEST_11879,2
TEST_11880,0
TEST_11881,2
TEST_11882,0
TEST_11883,0
TEST_11884,1
TEST_11885,1
TEST_11886,1
TEST_11887,1
TEST_11888,2
TEST_11889,2
TEST_11890,2
TEST_11891,2
TEST_11892,0
TEST_11893,0
TEST_11894,1
TEST_11895,0
TEST_11896,2
TEST_11897,0
TEST_11898,2
TEST_11899,2
TEST_11900,0
TEST_11901,1
TEST_11902,0
TEST_11903,1
TEST_11904,0
TEST_11905,2
TEST_11906,1
TEST_11907,2
TEST_11908,2
TEST_11909,0
TEST_11910,2
TEST_11911,2
TEST_11912,1
TEST_11913,0
TEST_11914,0
TEST_11915,0
TEST_11916,2
TEST_11917,2
TEST_11918,1
TEST_11919,0
TEST_11920,1
TEST_11921,2
TEST_11922,2
TEST_11923,0
TEST_11924,2
TEST_11925,2
TEST_11926,0
TEST_11927,2
TEST_11928,0
TEST_11929,2
TEST_11930,1
TEST_11931,1
TEST_11932,1
TEST_11933,0
TEST_11934,0
TEST_11935,2
TEST_11936,0
TEST_11937,2
TEST_11938,0
TEST_11939,1
TEST_11940,0
TEST_11941,2
TEST_11942,2
TEST_11943,2
TEST_11944,0
TEST_11945,1
TEST_11946,2
TEST_11947,0
TEST_11948,2
TEST_11949,1
TEST_11950,2
TEST_11951,2
TEST_11952,2
TEST_11953,2
TEST_11954,2
TEST_11955,2
TEST_11956,0
TEST_11957,2
TEST_11958,2
TEST_11959,2
TEST_11960,2
TEST_11961,0
TEST_11962,1
TEST_11963,0
TEST_11964,1
TEST_11965,2
TEST_11966,0
TEST_11967,2
TEST_11968,2
TEST_11969,2
TEST_11970,0
TEST_11971,0
TEST_11972,2
TEST_11973,2
TEST_11974,0
TEST_11975,2
TEST_11976,0
TEST_11977,2
TEST_11978,2
TEST_11979,0
TEST_11980,1
TEST_11981,0
TEST_11982,2
TEST_11983,0
TEST_11984,2
TEST_11985,0
TEST_11986,0
TEST_11987,2
TEST_11988,2
TEST_11989,2
TEST_11990,0
TEST_11991,2
TEST_11992,0
TEST_11993,2
TEST_11994,2
TEST_11995,0
TEST_11996,0
TEST_11997,2
TEST_11998,0
TEST_11999,1
TEST_12000,0
TEST_12001,1
TEST_12002,0
TEST_12003,1
TEST_12004,1
TEST_12005,1
TEST_12006,0
TEST_12007,2
TEST_12008,0
TEST_12009,1
TEST_12010,2
TEST_12011,0
TEST_12012,1
TEST_12013,0
TEST_12014,2
TEST_12015,0
TEST_12016,2
TEST_12017,1
TEST_12018,1
TEST_12019,0
TEST_12020,2
TEST_12021,1
TEST_12022,2
TEST_12023,0
TEST_12024,0
TEST_12025,0
TEST_12026,2
TEST_12027,2
TEST_12028,0
TEST_12029,2
TEST_12030,2
TEST_12031,0
TEST_12032,0
TEST_12033,1
TEST_12034,0
TEST_12035,0
TEST_12036,1
TEST_12037,0
TEST_12038,1
TEST_12039,0
TEST_12040,0
TEST_12041,0
TEST_12042,0
TEST_12043,1
TEST_12044,2
TEST_12045,1
TEST_12046,2
TEST_12047,0
TEST_12048,2
TEST_12049,2
TEST_12050,0
TEST_12051,1
TEST_12052,0
TEST_12053,1
TEST_12054,0
TEST_12055,0
TEST_12056,0
TEST_12057,1
TEST_12058,1
TEST_12059,2
TEST_12060,1
TEST_12061,1
TEST_12062,0
TEST_12063,2
TEST_12064,0
TEST_12065,2
TEST_12066,0
TEST_12067,1
TEST_12068,1
TEST_12069,0
TEST_12070,2
TEST_12071,0
TEST_12072,2
TEST_12073,1
TEST_12074,1
TEST_12075,1
TEST_12076,1
TEST_12077,0
TEST_12078,0
TEST_12079,1
TEST_12080,0
TEST_12081,0
TEST_12082,0
TEST_12083,0
TEST_12084,1
TEST_12085,2
TEST_12086,2
TEST_12087,0
TEST_12088,2
TEST_12089,2
TEST_12090,2
TEST_12091,0
TEST_12092,2
TEST_12093,1
TEST_12094,2
TEST_12095,2
TEST_12096,0
TEST_12097,2
TEST_12098,1
TEST_12099,2
TEST_12100,2
TEST_12101,2
TEST_12102,0
TEST_12103,1
TEST_12104,2
TEST_12105,0
TEST_12106,2
TEST_12107,0
TEST_12108,1
TEST_12109,1
TEST_12110,0
TEST_12111,2
TEST_12112,2
TEST_12113,2
TEST_12114,1
TEST_12115,2
TEST_12116,1
TEST_12117,0
TEST_12118,0
TEST_12119,2
TEST_12120,0
TEST_12121,2
TEST_12122,0
TEST_12123,2
TEST_12124,2
TEST_12125,2
TEST_12126,0
TEST_12127,2
TEST_12128,2
TEST_12129,1
TEST_12130,1
TEST_12131,2
TEST_12132,0
TEST_12133,0
TEST_12134,0
TEST_12135,0
TEST_12136,0
TEST_12137,1
TEST_12138,0
TEST_12139,0
TEST_12140,2
TEST_12141,2
TEST_12142,2
TEST_12143,2
TEST_12144,0
TEST_12145,1
TEST_12146,1
TEST_12147,2
TEST_12148,0
TEST_12149,2
TEST_12150,0
TEST_12151,0
TEST_12152,0
TEST_12153,2
TEST_12154,2
TEST_12155,0
TEST_12156,1
TEST_12157,0
TEST_12158,2
TEST_12159,2
TEST_12160,1
TEST_12161,2
TEST_12162,1
TEST_12163,2
TEST_12164,2
TEST_12165,2
TEST_12166,0
TEST_12167,0
TEST_12168,2
TEST_12169,0
TEST_12170,0
TEST_12171,0
TEST_12172,0
TEST_12173,1
TEST_12174,2
TEST_12175,1
TEST_12176,0
TEST_12177,1
TEST_12178,1
TEST_12179,2
TEST_12180,0
TEST_12181,0
TEST_12182,0
TEST_12183,2
TEST_12184,1
TEST_12185,0
TEST_12186,1
TEST_12187,2
TEST_12188,2
TEST_12189,2
TEST_12190,0
TEST_12191,1
TEST_12192,1
TEST_12193,1
TEST_12194,0
TEST_12195,0
TEST_12196,1
TEST_12197,2
TEST_12198,0
TEST_12199,2
TEST_12200,0
TEST_12201,2
TEST_12202,1
TEST_12203,0
TEST_12204,2
TEST_12205,2
TEST_12206,2
TEST_12207,1
TEST_12208,0
TEST_12209,2
TEST_12210,2
TEST_12211,1
TEST_12212,2
TEST_12213,2
TEST_12214,2
TEST_12215,1
TEST_12216,0
TEST_12217,1
TEST_12218,0
TEST_12219,1
TEST_12220,2
TEST_12221,2
TEST_12222,0
TEST_12223,2
TEST_12224,0
TEST_12225,2
TEST_12226,1
TEST_12227,0
TEST_12228,2
TEST_12229,2
TEST_12230,0
TEST_12231,2
TEST_12232,0
TEST_12233,1
TEST_12234,2
TEST_12235,0
TEST_12236,1
TEST_12237,0
TEST_12238,2
TEST_12239,0
TEST_12240,1
TEST_12241,0
TEST_12242,1
TEST_12243,1
TEST_12244,0
TEST_12245,2
TEST_12246,2
TEST_12247,0
TEST_12248,2
TEST_12249,0
TEST_12250,1
TEST_12251,2
TEST_12252,2
TEST_12253,0
TEST_12254,0
TEST_12255,0
TEST_12256,0
TEST_12257,0
TEST_12258,2
TEST_12259,0
TEST_12260,0
TEST_12261,2
TEST_12262,1
TEST_12263,0
TEST_12264,1
TEST_12265,0
TEST_12266,2
TEST_12267,2
TEST_12268,0
TEST_12269,0
TEST_12270,0
TEST_12271,0
TEST_12272,1
TEST_12273,2
TEST_12274,1
TEST_12275,1
TEST_12276,2
TEST_12277,2
TEST_12278,0
TEST_12279,1
TEST_12280,2
TEST_12281,2
TEST_12282,2
TEST_12283,2
TEST_12284,0
TEST_12285,2
TEST_12286,2
TEST_12287,2
TEST_12288,1
TEST_12289,2
TEST_12290,0
TEST_12291,2
TEST_12292,2
TEST_12293,2
TEST_12294,2
TEST_12295,1
TEST_12296,1
TEST_12297,0
TEST_12298,2
TEST_12299,2
TEST_12300,0
TEST_12301,0
TEST_12302,2
TEST_12303,1
TEST_12304,1
TEST_12305,2
TEST_12306,1
TEST_12307,2
TEST_12308,2
TEST_12309,0
TEST_12310,2
TEST_12311,1
TEST_12312,0
TEST_12313,0
TEST_12314,2
TEST_12315,2
TEST_12316,0
TEST_12317,0
TEST_12318,0
TEST_12319,2
TEST_12320,2
TEST_12321,1
TEST_12322,1
TEST_12323,2
TEST_12324,2
TEST_12325,2
TEST_12326,1
TEST_12327,2
TEST_12328,2
TEST_12329,2
TEST_12330,1
TEST_12331,2
TEST_12332,2
TEST_12333,2
TEST_12334,2
TEST_12335,0
TEST_12336,1
TEST_12337,2
TEST_12338,0
TEST_12339,1
TEST_12340,2
TEST_12341,0
TEST_12342,2
TEST_12343,2
TEST_12344,1
TEST_12345,0
TEST_12346,0
TEST_12347,2
TEST_12348,0
TEST_12349,0
TEST_12350,2
TEST_12351,0
TEST_12352,2
TEST_12353,2
TEST_12354,2
TEST_12355,2
TEST_12356,0
TEST_12357,2
TEST_12358,1
TEST_12359,0
TEST_12360,2
TEST_12361,1
TEST_12362,1
TEST_12363,1
TEST_12364,1
TEST_12365,1
TEST_12366,2
TEST_12367,1
TEST_12368,2
TEST_12369,2
TEST_12370,0
TEST_12371,1
TEST_12372,0
TEST_12373,2
TEST_12374,1
TEST_12375,0
TEST_12376,2
TEST_12377,1
TEST_12378,0
TEST_12379,0
TEST_12380,2
TEST_12381,1
TEST_12382,2
TEST_12383,0
TEST_12384,2
TEST_12385,2
TEST_12386,0
TEST_12387,0
TEST_12388,2
TEST_12389,0
TEST_12390,2
TEST_12391,1
TEST_12392,1
TEST_12393,2
TEST_12394,2
TEST_12395,0
TEST_12396,0
TEST_12397,2
TEST_12398,2
TEST_12399,1
TEST_12400,2
TEST_12401,2
TEST_12402,2
TEST_12403,0
TEST_12404,0
TEST_12405,2
TEST_12406,0
TEST_12407,2
TEST_12408,1
TEST_12409,0
TEST_12410,2
TEST_12411,2
TEST_12412,2
TEST_12413,2
TEST_12414,1
TEST_12415,1
TEST_12416,2
TEST_12417,2
TEST_12418,2
TEST_12419,2
TEST_12420,1
TEST_12421,2
TEST_12422,0
TEST_12423,0
TEST_12424,0
TEST_12425,1
TEST_12426,1
TEST_12427,0
TEST_12428,0
TEST_12429,0
TEST_12430,1
TEST_12431,0
TEST_12432,2
TEST_12433,2
TEST_12434,0
TEST_12435,2
TEST_12436,0
TEST_12437,2
TEST_12438,1
TEST_12439,1
TEST_12440,2
TEST_12441,0
TEST_12442,0
TEST_12443,0
TEST_12444,1
TEST_12445,2
TEST_12446,0
TEST_12447,2
TEST_12448,2
TEST_12449,1
TEST_12450,2
TEST_12451,2
TEST_12452,0
TEST_12453,1
TEST_12454,1
TEST_12455,1
TEST_12456,2
TEST_12457,1
TEST_12458,1
TEST_12459,1
TEST_12460,2
TEST_12461,0
TEST_12462,2
TEST_12463,2
TEST_12464,1
TEST_12465,1
TEST_12466,0
TEST_12467,1
TEST_12468,1
TEST_12469,2
TEST_12470,0
TEST_12471,1
TEST_12472,2
TEST_12473,2
TEST_12474,0
TEST_12475,1
TEST_12476,1
TEST_12477,2
TEST_12478,2
TEST_12479,1
TEST_12480,0
TEST_12481,1
TEST_12482,2
TEST_12483,2
TEST_12484,1
TEST_12485,2
TEST_12486,2
TEST_12487,2
TEST_12488,2
TEST_12489,2
TEST_12490,0
TEST_12491,2
TEST_12492,2
TEST_12493,0
TEST_12494,2
TEST_12495,2
TEST_12496,1
TEST_12497,2
TEST_12498,0
TEST_12499,0
TEST_12500,0
TEST_12501,2
TEST_12502,1
TEST_12503,2
TEST_12504,0
TEST_12505,1
TEST_12506,1
TEST_12507,2
TEST_12508,2
TEST_12509,2
TEST_12510,2
TEST_12511,1
TEST_12512,0
TEST_12513,0
TEST_12514,2
TEST_12515,2
TEST_12516,2
TEST_12517,0
TEST_12518,2
TEST_12519,2
TEST_12520,1
TEST_12521,0
TEST_12522,2
TEST_12523,1
TEST_12524,2
TEST_12525,0
TEST_12526,1
TEST_12527,0
TEST_12528,2
TEST_12529,1
TEST_12530,0
TEST_12531,2
TEST_12532,1
TEST_12533,2
TEST_12534,1
TEST_12535,1
TEST_12536,0
TEST_12537,1
TEST_12538,0
TEST_12539,1
TEST_12540,0
TEST_12541,1
TEST_12542,2
TEST_12543,2
TEST_12544,0
TEST_12545,2
TEST_12546,0
TEST_12547,2
TEST_12548,2
TEST_12549,2
TEST_12550,0
TEST_12551,2
TEST_12552,1
TEST_12553,0
TEST_12554,2
TEST_12555,2
TEST_12556,2
TEST_12557,1
TEST_12558,0
TEST_12559,1
TEST_12560,0
TEST_12561,0
TEST_12562,2
TEST_12563,2
TEST_12564,1
TEST_12565,2
TEST_12566,2
TEST_12567,2
TEST_12568,1
TEST_12569,0
TEST_12570,1
TEST_12571,0
TEST_12572,1
TEST_12573,2
TEST_12574,0
TEST_12575,2
TEST_12576,0
TEST_12577,1
TEST_12578,2
TEST_12579,1
TEST_12580,0
TEST_12581,1
TEST_12582,1
TEST_12583,0
TEST_12584,2
TEST_12585,0
TEST_12586,1
TEST_12587,2
TEST_12588,1
TEST_12589,2
TEST_12590,0
TEST_12591,0
TEST_12592,0
TEST_12593,1
TEST_12594,1
TEST_12595,1
TEST_12596,1
TEST_12597,0
TEST_12598,0
TEST_12599,0
TEST_12600,0
TEST_12601,2
TEST_12602,0
TEST_12603,0
TEST_12604,0
TEST_12605,0
TEST_12606,0
TEST_12607,2
TEST_12608,2
TEST_12609,0
TEST_12610,2
TEST_12611,1
TEST_12612,0
TEST_12613,2
TEST_12614,0
TEST_12615,2
TEST_12616,2
TEST_12617,2
TEST_12618,1
TEST_12619,0
TEST_12620,0
TEST_12621,2
TEST_12622,2
TEST_12623,2
TEST_12624,0
TEST_12625,2
TEST_12626,0
TEST_12627,1
TEST_12628,1
TEST_12629,0
TEST_12630,1
TEST_12631,1
TEST_12632,0
TEST_12633,1
TEST_12634,2
TEST_12635,2
TEST_12636,0
TEST_12637,2
TEST_12638,1
TEST_12639,0
TEST_12640,1
TEST_12641,2
TEST_12642,0
TEST_12643,0
TEST_12644,0
TEST_12645,2
TEST_12646,0
TEST_12647,0
TEST_12648,0
TEST_12649,2
TEST_12650,0
TEST_12651,0
TEST_12652,1
TEST_12653,1
TEST_12654,2
TEST_12655,0
TEST_12656,0
TEST_12657,2
TEST_12658,0
TEST_12659,2
TEST_12660,1
TEST_12661,0
TEST_12662,2
TEST_12663,0
TEST_12664,0
TEST_12665,1
TEST_12666,1
TEST_12667,1
TEST_12668,1
TEST_12669,1
TEST_12670,1
TEST_12671,0
TEST_12672,0
TEST_12673,1
TEST_12674,2
TEST_12675,1
TEST_12676,1
TEST_12677,2
TEST_12678,1
TEST_12679,1
TEST_12680,2
TEST_12681,1
TEST_12682,1
TEST_12683,2
TEST_12684,1
TEST_12685,0
TEST_12686,2
TEST_12687,0
TEST_12688,2
TEST_12689,2
TEST_12690,2
TEST_12691,0
TEST_12692,1
TEST_12693,2
TEST_12694,2
TEST_12695,1
TEST_12696,0
TEST_12697,1
TEST_12698,0
TEST_12699,2
TEST_12700,1
TEST_12701,2
TEST_12702,0
TEST_12703,1
TEST_12704,0
TEST_12705,0
TEST_12706,2
TEST_12707,0
TEST_12708,0
TEST_12709,2
TEST_12710,2
TEST_12711,1
TEST_12712,0
TEST_12713,2
TEST_12714,2
TEST_12715,0
TEST_12716,2
TEST_12717,0
TEST_12718,0
TEST_12719,0
TEST_12720,0
TEST_12721,2
TEST_12722,2
TEST_12723,2
TEST_12724,1
TEST_12725,0
TEST_12726,0
TEST_12727,2
TEST_12728,2
TEST_12729,0
TEST_12730,0
TEST_12731,0
TEST_12732,2
TEST_12733,2
TEST_12734,0
TEST_12735,0
TEST_12736,0
TEST_12737,2
TEST_12738,1
TEST_12739,0
TEST_12740,1
TEST_12741,0
TEST_12742,0
TEST_12743,0
TEST_12744,0
TEST_12745,2
TEST_12746,0
TEST_12747,2
TEST_12748,2
TEST_12749,0
TEST_12750,2
TEST_12751,2
TEST_12752,2
TEST_12753,1
TEST_12754,2
TEST_12755,1
TEST_12756,0
TEST_12757,2
TEST_12758,0
TEST_12759,2
TEST_12760,0
TEST_12761,2
TEST_12762,0
TEST_12763,2
TEST_12764,2
TEST_12765,0
TEST_12766,2
TEST_12767,2
TEST_12768,2
TEST_12769,2
TEST_12770,1
TEST_12771,0
TEST_12772,0
TEST_12773,1
TEST_12774,1
TEST_12775,2
TEST_12776,2
TEST_12777,1
TEST_12778,0
TEST_12779,1
TEST_12780,2
TEST_12781,2
TEST_12782,1
TEST_12783,0
TEST_12784,1
TEST_12785,2
TEST_12786,0
TEST_12787,1
TEST_12788,2
TEST_12789,1
TEST_12790,0
TEST_12791,2
TEST_12792,2
TEST_12793,2
TEST_12794,2
TEST_12795,0
TEST_12796,1
TEST_12797,2
TEST_12798,1
TEST_12799,1
TEST_12800,0
TEST_12801,0
TEST_12802,1
TEST_12803,1
TEST_12804,1
TEST_12805,2
TEST_12806,2
TEST_12807,2
TEST_12808,2
TEST_12809,1
TEST_12810,0
TEST_12811,2
TEST_12812,0
TEST_12813,0
TEST_12814,2
TEST_12815,1
TEST_12816,0
TEST_12817,1
TEST_12818,0
TEST_12819,1
TEST_12820,2
TEST_12821,0
TEST_12822,1
TEST_12823,0
TEST_12824,2
TEST_12825,0
TEST_12826,2
TEST_12827,1
TEST_12828,0
TEST_12829,0
TEST_12830,1
TEST_12831,2
TEST_12832,2
TEST_12833,2
TEST_12834,2
TEST_12835,1
TEST_12836,2
TEST_12837,2
TEST_12838,2
TEST_12839,2
TEST_12840,0
TEST_12841,2
TEST_12842,2
TEST_12843,2
TEST_12844,2
TEST_12845,0
TEST_12846,2
TEST_12847,1
TEST_12848,2
TEST_12849,2
TEST_12850,2
TEST_12851,2
TEST_12852,2
TEST_12853,1
TEST_12854,1
TEST_12855,2
TEST_12856,0
TEST_12857,2
TEST_12858,2
TEST_12859,0
TEST_12860,2
TEST_12861,2
TEST_12862,2
TEST_12863,1
TEST_12864,0
TEST_12865,2
TEST_12866,2
TEST_12867,2
TEST_12868,0
TEST_12869,1
TEST_12870,2
TEST_12871,2
TEST_12872,1
TEST_12873,1
TEST_12874,0
TEST_12875,2
TEST_12876,0
TEST_12877,2
TEST_12878,2
TEST_12879,0
TEST_12880,2
TEST_12881,0
TEST_12882,2
TEST_12883,0
TEST_12884,1
TEST_12885,2
TEST_12886,1
TEST_12887,2
TEST_12888,1
TEST_12889,1
TEST_12890,0
TEST_12891,1
TEST_12892,1
TEST_12893,2
TEST_12894,2
TEST_12895,1
TEST_12896,0
TEST_12897,2
TEST_12898,0
TEST_12899,1
TEST_12900,2
TEST_12901,1
TEST_12902,0
TEST_12903,2
TEST_12904,2
TEST_12905,2
TEST_12906,2
TEST_12907,2
TEST_12908,2
TEST_12909,1
TEST_12910,0
TEST_12911,2
TEST_12912,0
TEST_12913,2
TEST_12914,1
TEST_12915,0
TEST_12916,2
TEST_12917,0
TEST_12918,1
TEST_12919,0
TEST_12920,2
TEST_12921,0
TEST_12922,0
TEST_12923,2
TEST_12924,1
TEST_12925,2
TEST_12926,0
TEST_12927,2
TEST_12928,2
TEST_12929,0
TEST_12930,2
TEST_12931,2
TEST_12932,2
TEST_12933,0
TEST_12934,2
TEST_12935,1
TEST_12936,1
TEST_12937,0
TEST_12938,1
TEST_12939,2
TEST_12940,2
TEST_12941,2
TEST_12942,2
TEST_12943,2
TEST_12944,1
TEST_12945,1
TEST_12946,0
TEST_12947,0
TEST_12948,2
TEST_12949,2
TEST_12950,2
TEST_12951,2
TEST_12952,0
TEST_12953,0
TEST_12954,2
TEST_12955,0
TEST_12956,0
TEST_12957,2
TEST_12958,2
TEST_12959,0
TEST_12960,0
TEST_12961,2
TEST_12962,1
TEST_12963,1
TEST_12964,2
TEST_12965,1
TEST_12966,1
TEST_12967,1
TEST_12968,2
TEST_12969,2
TEST_12970,2
TEST_12971,2
TEST_12972,1
TEST_12973,0
TEST_12974,2
TEST_12975,2
TEST_12976,1
TEST_12977,1
TEST_12978,2
TEST_12979,0
TEST_12980,2
TEST_12981,2
TEST_12982,2
TEST_12983,2
TEST_12984,1
TEST_12985,2
TEST_12986,1
TEST_12987,0
TEST_12988,2
TEST_12989,2
TEST_12990,1
TEST_12991,1
TEST_12992,2
TEST_12993,0
TEST_12994,1
TEST_12995,1
TEST_12996,2
TEST_12997,2
TEST_12998,0
TEST_12999,2
TEST_13000,2
TEST_13001,2
TEST_13002,2
TEST_13003,2
TEST_13004,2
TEST_13005,1
TEST_13006,0
TEST_13007,2
TEST_13008,2
TEST_13009,2
TEST_13010,2
TEST_13011,2
TEST_13012,0
TEST_13013,1
TEST_13014,2
TEST_13015,0
TEST_13016,2
TEST_13017,0
TEST_13018,2
TEST_13019,2
TEST_13020,2
TEST_13021,2
TEST_13022,1
TEST_13023,2
TEST_13024,1
TEST_13025,2
TEST_13026,0
TEST_13027,1
TEST_13028,1
TEST_13029,1
TEST_13030,0
TEST_13031,0
TEST_13032,1
TEST_13033,0
TEST_13034,1
TEST_13035,0
TEST_13036,2
TEST_13037,2
TEST_13038,0
TEST_13039,0
TEST_13040,0
TEST_13041,0
TEST_13042,2
TEST_13043,2
TEST_13044,2
TEST_13045,2
TEST_13046,0
TEST_13047,1
TEST_13048,2
TEST_13049,2
TEST_13050,0
TEST_13051,2
TEST_13052,0
TEST_13053,2
TEST_13054,0
TEST_13055,1
TEST_13056,2
TEST_13057,2
TEST_13058,2
TEST_13059,2
TEST_13060,2
TEST_13061,2
TEST_13062,2
TEST_13063,0
TEST_13064,2
TEST_13065,2
TEST_13066,2
TEST_13067,2
TEST_13068,2
TEST_13069,1
TEST_13070,2
TEST_13071,2
TEST_13072,0
TEST_13073,1
TEST_13074,1
TEST_13075,0
TEST_13076,0
TEST_13077,2
TEST_13078,0
TEST_13079,2
TEST_13080,2
TEST_13081,2
TEST_13082,2
TEST_13083,1
TEST_13084,1
TEST_13085,2
TEST_13086,2
TEST_13087,1
TEST_13088,2
TEST_13089,0
TEST_13090,1
TEST_13091,1
TEST_13092,1
TEST_13093,0
TEST_13094,2
TEST_13095,2
TEST_13096,0
TEST_13097,0
TEST_13098,2
TEST_13099,0
TEST_13100,0
TEST_13101,0
TEST_13102,0
TEST_13103,0
TEST_13104,2
TEST_13105,1
TEST_13106,1
TEST_13107,2
TEST_13108,0
TEST_13109,1
TEST_13110,2
TEST_13111,1
TEST_13112,2
TEST_13113,0
TEST_13114,1
TEST_13115,2
TEST_13116,0
TEST_13117,2
TEST_13118,0
TEST_13119,2
TEST_13120,2
TEST_13121,0
TEST_13122,1
TEST_13123,2
TEST_13124,1
TEST_13125,2
TEST_13126,0
TEST_13127,2
TEST_13128,0
TEST_13129,2
TEST_13130,2
TEST_13131,2
TEST_13132,0
TEST_13133,2
TEST_13134,2
TEST_13135,2
TEST_13136,0
TEST_13137,1
TEST_13138,0
TEST_13139,1
TEST_13140,2
TEST_13141,0
TEST_13142,2
TEST_13143,2
TEST_13144,2
TEST_13145,1
TEST_13146,1
TEST_13147,2
TEST_13148,1
TEST_13149,1
TEST_13150,2
TEST_13151,1
TEST_13152,0
TEST_13153,2
TEST_13154,0
TEST_13155,0
TEST_13156,1
TEST_13157,2
TEST_13158,0
TEST_13159,0
TEST_13160,0
TEST_13161,1
TEST_13162,0
TEST_13163,1
TEST_13164,0
TEST_13165,0
TEST_13166,0
TEST_13167,2
TEST_13168,0
TEST_13169,1
TEST_13170,0
TEST_13171,2
TEST_13172,2
TEST_13173,1
TEST_13174,0
TEST_13175,2
TEST_13176,2
TEST_13177,2
TEST_13178,0
TEST_13179,2
TEST_13180,0
TEST_13181,0
TEST_13182,2
TEST_13183,2
TEST_13184,2
TEST_13185,2
TEST_13186,2
TEST_13187,0
TEST_13188,0
TEST_13189,1
TEST_13190,2
TEST_13191,2
TEST_13192,0
TEST_13193,2
TEST_13194,0
TEST_13195,0
TEST_13196,2
TEST_13197,2
TEST_13198,2
TEST_13199,2
TEST_13200,0
TEST_13201,2
TEST_13202,2
TEST_13203,0
TEST_13204,2
TEST_13205,0
TEST_13206,2
TEST_13207,2
TEST_13208,0
TEST_13209,0
TEST_13210,0
TEST_13211,2
TEST_13212,2
TEST_13213,2
TEST_13214,0
TEST_13215,1
TEST_13216,0
TEST_13217,0
TEST_13218,2
TEST_13219,1
TEST_13220,1
TEST_13221,2
TEST_13222,2
TEST_13223,1
TEST_13224,0
